,binding_energy
5nev,7.36
1uu9,5.4
2hdr,1.72
6dxx,6.64
3wig,8.64
1hsl,7.19
4z46,2.82
6fqo,6.85
3f82,8.34
5efb,8.37
4yhq,8.77
5qak,3.66
4o3u,6.4
4gvm,6.11
5jf6,7.21
4yax,5.82
1px4,3.23
5yr4,6.34
5ji6,7.96
5orr,3.77
1xz8,4.52
5zyl,7.06
1xo2,6.07
1igb,6.4
4zmf,3.96
6a73,6.48
6ahs,5.82
2vu3,7.33
6e83,4.54
4igq,4.52
4hkp,4.55
5csx,8.22
4lpg,4.25
2puy,4.52
6f7q,8.96
3be9,7.62
5fng,2.96
4x8u,2.46
2xcs,7.85
5fp0,7.77
3sdg,5.55
4qsu,2.0
5ez0,5.8
4k42,6.55
2azb,7.19
2xdw,8.37
3h03,3.87
5eok,3.49
4xxs,7.28
2vwv,4.8
2v96,4.54
3g0b,8.15
1dkd,5.7
6o6g,6.52
6duh,7.42
1p93,7.72
2p33,7.24
5mqx,5.41
3mf5,5.36
5tt8,6.5
4xgz,7.62
3olf,7.7
5zg3,7.21
4apr,6.7
6c6o,8.3
5ixq,4.7
6cvw,8.15
3o9v,7.74
5ans,5.69
1x0n,7.7
5b4l,9.12
3zjt,5.64
5ovp,5.04
6nw3,7.66
5ovg,6.4
3wch,7.05
4jn2,11.68
4gsy,6.92
1npz,7.89
2vur,4.52
4i71,7.74
4b35,2.89
2clv,7.88
6hp5,7.27
4px6,8.4
3mle,5.24
3hxi,6.33
4ydn,8.64
6q89,9.85
4d8e,7.01
6bsl,9.0
2obo,7.24
1iy7,6.19
4bnz,6.59
5d10,7.14
2e9d,5.89
1xff,4.82
5i12,5.92
5kos,8.82
6cze,4.03
4fut,6.51
5u2j,5.92
4ezt,5.13
4erk,4.57
2ylp,4.3
3so9,8.56
3vhd,9.28
4og8,7.25
6mso,5.42
1acj,8.09
4yxi,6.5
6qxa,5.77
3k8d,5.77
5zdd,5.75
2wf1,8.7
4y46,7.96
4cpx,7.77
3gxy,5.59
3eyl,6.6
3hzk,6.7
5fni,3.48
3cl0,7.07
1unh,7.0
6ixd,9.8
5u14,5.34
6hvu,6.59
4wy6,5.97
1y2f,4.92
1ucn,5.22
3rqf,4.41
1wva,6.57
5fe7,3.31
6rhe,4.13
4wq2,6.3
4pd5,2.86
5mtv,4.11
4c1h,4.09
1n8v,6.03
3nzs,7.12
5er2,6.57
1r5h,6.74
6ft8,7.36
3rsb,6.4
4tyo,7.1
2aig,5.0
5tzo,5.23
1o2g,6.12
1i5r,8.52
3bys,9.3
2qfo,4.7
5kmh,4.62
5tqe,6.72
4cby,7.7
5yy4,6.43
4o4g,8.05
2aoi,4.01
6mxb,4.59
5n7v,8.77
4x2l,4.44
3oof,7.3
4mzf,7.35
3t5u,7.59
3h2m,3.67
1uyd,3.7
5alt,4.88
1zh7,6.3
3zyf,4.85
5k0b,6.05
1zm6,4.35
5nkg,7.68
3ttp,9.12
1l5s,3.26
2x6x,3.68
3m8q,9.52
3p9m,5.0
2tmn,5.89
4bb9,6.0
6mtu,5.22
4uxh,5.96
5uwj,5.7
2n3k,6.8
5l6h,6.62
5tyi,6.89
3hik,6.35
1f2p,1.9
5vi6,8.52
5kzp,7.15
1zpb,6.07
3gs7,5.44
4bzn,5.84
3ekq,6.75
6g8n,5.84
4b6r,5.85
3g3r,6.48
2qlm,5.64
2vo7,6.77
1g9c,5.3
6dar,6.66
3u18,6.09
3nil,3.46
2y9g,3.77
4k6z,8.7
5yft,5.0
3tc5,5.17
5jap,6.64
2q6c,7.78
1o7o,4.49
1uxa,2.3
1t5f,4.22
1x76,8.72
1zgi,5.34
3t3d,4.91
4i9o,5.72
5teg,6.85
4ase,11.0
4nka,6.51
5j6m,8.57
5ox6,7.54
4rrr,4.44
4e5i,5.3
5l2n,5.55
6jtc,5.07
1fhr,4.0
4amx,2.19
6i61,6.24
3sm1,5.84
3rzi,5.33
5tus,4.43
4ymq,5.8
3t2w,7.46
2vxn,5.0
1xmy,7.3
1a4w,5.92
5m0d,6.09
5kyk,5.8
3iqu,4.77
3uzc,9.61
2f6y,3.87
4wsj,7.33
4jps,8.3
5el9,7.64
5nwh,7.54
2ftd,10.39
4n7g,5.66
5twz,7.87
6dko,5.8
2ybu,6.38
1inh,2.3
1ql9,5.35
3gkz,8.0
5n0f,6.05
2rjp,7.0
1wvj,6.73
6q74,8.2
3w33,7.44
6g98,6.15
5a3r,7.78
4xct,8.17
1gi7,4.51
4qmv,7.64
4abb,4.51
2i40,5.8
2w9h,6.37
6ocw,8.15
3arb,6.63
6bdy,5.69
3m40,6.77
4ezz,5.19
2go4,5.15
4non,5.24
5yy6,7.62
3avj,3.3
5enb,3.11
4rj7,7.66
5j8i,8.29
5yj8,3.98
5ax3,5.92
4qht,4.94
6e0r,7.7
5dbm,6.46
6hvt,6.0
1zfp,7.59
1q8w,5.24
6b96,7.84
2r0h,3.51
6oac,7.95
4od7,5.08
5nqr,7.15
6dh1,10.58
4rpv,8.52
4uff,7.96
3bh8,7.95
3v3v,5.34
6h2z,9.3
3ui2,6.37
3vb7,4.31
4iuu,5.65
2bmz,3.7
2xow,5.22
6qfu,7.46
1nd5,8.4
1eld,6.7
4e5f,4.82
6cdm,9.09
1hti,5.13
2c1p,5.4
3rde,7.46
1e8h,5.68
5jf8,5.85
2ay1,2.29
1gvk,3.05
3avg,3.3
2zbk,5.7
6f9v,6.76
6emu,5.03
1ong,8.05
3kqy,4.82
3rah,7.92
4zjw,6.66
3h3c,6.85
1mqd,6.77
3iog,5.52
6hmy,7.24
4z2g,6.66
6f7c,5.9
6f5h,7.05
6jon,4.88
5jf2,7.89
6b0v,3.49
3zxr,7.7
1yi3,5.4
4o6e,9.0
3k00,5.77
3uj9,4.63
3sl1,3.59
2zdl,6.4
3qlm,6.37
4ovf,4.13
3bum,6.49
4uvb,5.49
2w87,4.65
2f3k,7.89
1ikw,8.6
3lfn,5.5
1g32,6.11
1zd3,3.3
6d5e,6.85
5t18,9.3
6cks,7.82
3jq9,6.4
4o37,6.16
6mt0,10.3
3uph,7.82
6h12,7.68
3aw0,5.24
2yjw,5.12
4gz3,5.74
4ywa,7.55
3ta0,3.47
6m89,5.64
6bh8,5.12
5naw,7.3
5org,8.4
3gi5,11.22
6d1i,4.09
5vp1,9.29
1nj5,7.3
5foo,2.62
1g50,6.28
6qs5,6.24
1d6n,4.5
1zkn,4.51
4wri,9.01
3jzo,8.52
4b34,3.14
2zhd,6.54
5hg5,8.7
2o0u,5.49
2q6f,5.44
1afl,6.28
5hm3,5.17
4yxd,4.34
3lf0,5.71
5g43,3.7
4oow,5.37
5hip,6.05
5k0j,7.12
3s7a,8.96
3nkx,5.12
4yt7,8.77
4bo1,7.3
6g5l,7.62
5l9i,7.0
4gvd,4.57
5ake,7.82
1jsv,5.7
5tcc,5.66
2bq6,10.15
3ouj,6.05
1w4p,4.74
3hlo,6.21
5uy8,8.3
6n0p,8.89
4hwp,7.76
4ej2,2.49
6pf5,4.96
2uxi,7.3
2zyn,5.92
4x6n,8.82
5eqp,5.4
4p0w,5.96
3ry8,3.34
1tlo,4.0
3g0i,3.6
5mnh,4.68
1cqp,5.62
6qts,4.8
3ewj,6.84
3tpx,9.35
4u54,2.06
4gih,8.32
5fnt,6.17
2bv4,3.22
6ep4,5.35
5zk5,8.37
5cei,8.28
3kl6,8.46
3sl4,7.57
5qcl,7.96
5lh4,6.96
6skc,7.1
3pd3,4.44
4qge,9.3
6rfw,6.5
5ai6,4.4
5wf6,7.83
4pmp,6.4
5fqb,6.52
6r0k,7.92
4xt2,7.15
2p95,9.37
3jsi,8.68
4poh,8.0
4xsx,5.0
6bnl,6.96
1o3d,7.13
4qyo,8.22
5l4e,4.61
2rkd,2.72
5os5,3.39
5y62,1.74
6ncn,3.05
6c5t,6.97
4wp7,6.1
5j82,6.0
3t08,3.04
4fbx,7.66
6hkj,9.0
1c3x,3.68
2vcb,5.26
6eww,5.05
4hwb,9.24
1tkz,6.62
4pf5,5.48
5vzu,5.57
3d7m,6.44
5v1d,6.7
6qtq,3.72
3ttz,8.4
1u9l,5.02
5ef7,9.0
4hs6,7.52
3hhm,7.92
1oe7,5.52
4gja,5.92
6ibz,7.66
2c97,6.14
6h7d,5.49
1qti,6.44
6d49,3.93
4qer,7.54
5oot,7.55
4nrc,3.62
2nn1,5.82
3dc2,3.02
5xs2,8.3
5uex,8.82
6r7j,7.4
4pzw,6.96
1lke,7.52
6edr,4.55
4gby,3.46
1d9i,9.11
3kf7,7.4
3qi1,7.66
4mzh,7.18
2wej,6.08
4bfd,7.02
2ofv,9.7
4eok,5.07
3ska,7.49
5y0z,6.34
4uyf,7.6
2isc,8.42
5wbl,6.44
5b4w,8.46
6fuh,3.77
5jog,8.24
2ydt,5.52
2e27,9.35
4fn5,6.76
4ufe,8.15
5waf,9.35
3qck,5.24
1lyx,4.54
3ggw,5.54
5uff,4.24
6qeg,7.3
4uxq,7.8
5tzc,8.1
3vye,8.11
2l84,7.72
2qfu,4.18
5etf,3.79
5kpl,6.29
4u6c,5.0
5oxl,3.25
1qbq,8.3
5fyq,5.89
6ajz,4.34
1qbu,10.24
3q0z,7.7
4k10,6.92
5ml2,7.89
4b8y,8.05
5osd,3.21
3rwq,7.46
1r4w,4.05
3bh3,6.15
4ehr,7.89
1d2s,9.74
2vvs,7.34
4knb,7.33
6q8c,7.68
5i43,7.2
6chn,7.96
4lqg,8.89
2c5o,5.19
4qmp,7.85
5u4x,8.15
5zr3,7.01
5e2s,9.01
4qxo,5.51
1mh5,9.21
5orb,4.29
6udu,9.3
5kew,6.5
4ih3,4.82
4l0s,6.84
4xtp,4.26
5dkn,3.69
5c85,3.98
5u6b,9.89
2woq,2.88
2ym8,7.89
5t8e,9.14
3qo3,6.9
6h1h,6.17
4ddm,2.46
2wzm,5.22
4h85,5.15
3r7b,6.15
5hlw,7.64
5ajx,7.96
2e2p,4.74
1ywh,7.79
3ayc,4.24
4o9v,8.0
4j5b,6.22
5gn6,6.92
4k0u,7.26
3hjo,6.52
3wk9,4.15
1gt1,6.0
5vsj,4.02
3wv1,11.41
3ixk,8.18
3o95,8.28
2xc0,6.72
5w8h,4.63
2lwi,3.11
4emv,8.3
4s2i,9.0
1h08,4.55
5ntk,8.01
2j2u,7.33
4gfd,9.48
5u7o,7.14
6frf,7.4
6jio,4.55
2wk6,3.32
4h2m,5.21
3tjc,7.51
3oev,8.13
4l53,7.55
6euw,7.77
6n7q,5.15
1rhm,5.76
4um3,7.54
4oc0,6.5
2jh0,8.7
3i90,3.3
1evh,3.22
1o46,8.0
1zp8,8.77
2y8l,5.82
5b6g,7.44
1ppi,5.01
5i3x,8.1
1usi,6.74
3dkf,8.57
5izf,9.74
4kva,3.94
2uw7,7.74
2e98,6.23
4urx,2.89
1wcc,3.46
4whh,7.4
3ftw,2.78
3sio,8.0
4w9e,5.15
6mxd,5.23
3s2p,7.17
4qgg,9.0
5e89,7.85
6fnj,6.85
5k8s,8.22
6k5t,4.24
6qhg,3.13
4l0i,6.57
3qfv,5.77
2yig,7.1
4lyn,7.22
4ezl,8.59
2buv,4.0
3gqz,2.17
5k4l,7.3
5f2s,6.7
6fo7,7.87
5umz,7.12
4cu8,4.47
5ldo,3.75
4zz1,7.89
1caq,7.72
1fmb,10.0
5c2a,8.32
3g5d,7.96
3ijh,4.0
5ti5,4.39
3nxq,8.15
5prc,4.89
6ebw,8.6
1dzk,6.1
4lwt,5.41
5drq,10.92
5nyh,7.73
3s22,5.46
5nr8,6.76
3mj5,6.49
2vcj,7.68
6b1w,7.37
1oau,7.7
6i5p,4.32
4gq4,7.66
1gjc,6.35
5u7d,9.3
5umx,5.96
5mih,4.19
5iq6,5.26
1xk5,6.0
6qs1,5.61
4rsp,5.44
5enh,3.72
2ltz,5.35
3cyu,7.22
186l,4.85
5qa4,3.77
4bd3,4.54
4qvp,6.05
2g0g,6.29
1t1s,5.15
4idz,4.36
1csh,7.55
2is0,6.7
4yhf,8.34
4twt,8.0
5ceh,8.0
4gjc,7.05
3krd,8.17
4rx5,8.52
6q2y,5.26
3mv5,6.74
3djo,4.39
6nj0,6.61
2yc3,6.85
5fwr,7.75
3b66,8.6
3bva,6.52
5e5g,3.15
1tsi,3.48
5i94,7.52
4nrp,4.59
1gfz,4.0
3umw,8.52
1q9m,6.48
1vwn,5.82
6eea,6.2
4br3,5.72
4ryc,7.1
3g32,3.71
2zv9,8.05
4k3l,2.96
4jfx,6.44
1kf6,6.7
4gah,6.1
4jxv,4.51
5gic,6.48
2boi,4.32
4d4d,5.96
6hb7,6.83
3qqa,5.82
1od8,5.1
4zjj,8.0
4u0d,4.31
5kgx,4.8
3ukr,4.92
6hx8,5.89
6azk,5.64
4zx9,7.39
6drz,9.8
5ovi,7.68
3m2u,7.0
3o5x,5.28
4ymh,6.46
1qvt,4.38
6ql2,7.77
5myk,9.0
4f4p,9.22
2ydw,7.34
6fbw,4.78
3rl3,7.17
5tq5,7.23
2yi5,7.41
4yb7,3.8
6r8i,6.03
4c6z,3.45
4xcu,8.22
4io3,6.06
3cct,7.56
5nt4,7.77
2w26,9.4
4d62,2.44
2olb,5.54
1x8b,7.01
5oy3,4.15
4rad,7.1
4tkb,5.59
1h62,4.77
4jvq,6.2
5tz3,6.85
4dhm,3.78
2ltx,5.39
6cus,4.89
3ked,2.44
4kql,8.77
3k3b,6.7
1c7f,9.52
2hxq,6.84
3ml2,8.05
5g5v,6.7
4izy,8.52
5gjf,6.59
6nyv,6.51
2uuo,3.77
2uup,3.98
5eqq,8.17
4kz4,4.15
3vjc,7.72
2xag,4.55
6isd,8.24
5jnc,5.48
2pu0,7.82
5tuz,7.4
3g6z,9.7
1qji,4.85
2vci,7.68
2c92,5.68
4u5o,2.42
5u48,6.33
2jjb,7.92
4ylu,4.0
5yqw,7.51
4rrn,7.32
4wym,4.0
3khj,7.55
3u3z,5.36
3dab,6.68
4dk5,8.4
2yof,4.6
1o4n,1.4
2aow,7.42
1x07,3.28
6g9u,6.43
3btj,5.62
4x8p,5.48
6h4t,7.0
5npf,4.24
5a4c,8.24
2off,6.52
1dl7,6.49
3g58,9.28
6rne,8.8
4wag,7.08
6cjj,3.9
4x3u,5.09
4fnz,7.8
6o3y,4.42
2yme,7.66
4k3r,3.59
2x2m,6.77
3rak,6.89
4ceb,2.97
3lau,4.52
3c3q,4.32
4i12,6.39
4mr4,5.94
1tnj,1.96
3i5z,8.7
4rkx,5.1
3up7,8.21
2zir,8.19
1o2o,6.36
1o32,5.74
4zyi,8.1
6gj6,4.7
5nk2,6.74
2vqm,6.01
3db8,7.0
4lxb,8.15
2uxu,4.74
1cx9,6.75
4f9g,5.62
4b9w,4.17
3psl,6.89
3sna,4.14
4xo8,8.96
1tou,6.0
4jg1,6.63
5o1i,5.4
4qps,6.52
5eds,5.54
5l2z,10.22
3e6k,5.15
3uxm,4.7
5ldp,4.17
4gj8,3.3
1k4h,5.11
5vjn,5.06
3i51,7.7
6cn5,7.7
3kqt,5.34
5th2,4.52
3p58,7.6
2q1q,8.15
3tza,5.5
2v85,4.46
4na4,6.92
4n9a,4.19
3ljz,8.14
1rzx,4.1
4iu4,5.0
6cki,7.24
5os2,2.74
1idb,7.96
4bco,6.88
6nti,4.57
3p23,4.42
4h3i,8.52
5zk7,6.71
1b56,6.1
3v43,4.63
2o2u,6.4
6djd,2.14
5jr6,4.69
5l4j,4.28
2fr3,8.7
3fei,7.7
3d9z,8.7
3tws,5.52
5tqu,7.6
4m8e,7.89
4xh6,5.57
6u5m,6.29
6qzb,6.47
1k6v,6.92
3qd0,8.5
1o0m,5.15
4o3t,4.37
4c61,8.4
4qn7,9.08
4glw,6.1
5x9o,5.3
5i80,7.21
4pov,8.28
4es0,6.99
2lsk,4.89
4bie,6.6
6qad,7.85
6ghv,4.28
2r05,5.15
4y63,3.58
5yyz,4.18
4aq4,6.17
4zsq,5.65
4old,2.7
4nud,7.07
4myq,7.49
5vsf,7.03
4nym,3.55
3gy3,5.63
6oy2,9.87
4m5m,4.74
4xqb,3.79
2xb9,6.77
6m9f,8.22
4k7o,4.3
3gst,6.72
3udn,5.15
1c5x,6.68
5u0e,5.11
6dpy,4.1
2qi6,10.57
1u8t,4.26
5fck,8.22
4r3s,8.22
2y1d,6.82
5vqs,5.7
2ghg,8.82
1vsn,9.7
4zme,4.3
1jrs,6.4
6f86,7.43
4c4n,6.1
3kyg,7.46
3vzv,8.04
2wfg,4.42
2jdh,6.51
2q70,8.08
2yj8,8.19
3rhx,6.08
3zbf,7.52
4o72,6.0
6oxy,9.55
3t0l,4.52
3gpo,5.3
3bex,5.57
5jn9,7.79
3zhz,7.05
3pn3,6.4
4zy4,7.66
6f1j,4.62
4bek,4.39
5fb1,5.92
3ccc,8.1
5ggo,3.1
4m12,6.05
5l7g,7.8
2yfa,5.07
5yso,7.4
1ozv,1.44
4yv2,7.29
1pip,5.0
3znc,7.34
4jg8,8.6
2zsc,7.06
1e5j,4.0
4z0u,5.7
5hg1,5.2
1a52,9.86
3wv3,7.62
4q6f,5.6
3t1a,8.37
5vse,5.97
4j3j,7.51
3aaq,3.3
2k2g,8.12
1hvj,11.4
1dx6,6.19
1xka,6.88
3hng,6.74
1ogz,5.85
4kp5,6.08
4rxe,6.64
2igy,6.95
6dvn,7.85
2uyi,6.32
1a0t,1.3
2hh5,7.49
4gtp,7.94
5dp7,4.56
6fe0,6.48
1hp0,6.7
3hzv,6.52
5j58,7.3
5x28,8.4
1bqn,6.22
6nvl,7.95
4je8,5.21
5ov9,5.66
3ekw,7.96
4gk3,7.25
5n20,4.21
6g25,3.52
5sve,5.74
6pm9,8.1
1q9d,4.6
3zmi,5.95
4q9m,7.18
5jfu,8.07
5ywy,7.23
3tu7,8.09
1ms7,6.77
3r0i,6.92
3exh,4.88
3ggu,9.77
3ppo,5.3
1dzj,5.89
6ink,6.57
6oh2,5.2
4ce2,3.84
4led,2.3
5aqr,3.0
4eh2,3.16
4o62,5.0
4msl,6.15
4cwn,5.59
1u1w,5.85
3fxw,5.96
4det,5.68
1hkk,7.4
5dtj,4.47
4qz5,5.26
3gcp,7.82
3qio,6.84
5k1v,5.7
1ta2,8.52
6beb,3.61
1ckb,5.28
5ekg,6.04
6oyh,6.98
6qc0,7.24
5kde,3.89
3vw9,7.96
4au8,6.26
5jsg,4.85
2pjt,6.07
2vi5,3.96
6rfn,6.7
5a00,7.52
2h2d,5.37
5alh,7.07
3hiw,8.06
1wug,5.8
5z1d,8.3
4dkt,4.8
4gnf,3.35
2vev,6.52
4tn4,6.33
2v25,5.72
1aqc,5.34
2iit,8.59
1zpc,6.6
3zyu,7.0
3zki,5.92
5kdr,8.3
3roc,8.19
6asu,5.21
3lfs,5.6
5twx,7.52
2xk7,5.82
2yne,8.57
1cze,2.62
2i4u,11.57
5vb6,6.37
5jf3,7.42
4j1e,7.72
4fgz,2.87
4o15,8.7
1noj,3.15
1njc,5.55
5afn,4.47
1f73,2.39
3o9b,12.3
4a22,8.49
5kab,4.68
1zuc,8.77
4o0x,7.17
5ipa,4.7
4xv2,8.27
4w4x,6.99
4ixu,7.64
4bsq,9.15
4pnm,5.85
4od0,9.04
1o4m,1.4
5e13,4.24
1qpl,8.51
2x6f,4.59
4pvv,6.48
4q4s,6.95
4j0z,7.11
1ec3,9.04
4cu1,4.71
5mrp,5.52
6mkq,6.16
2y7x,8.89
2wsx,2.41
1lbf,7.85
4dt6,7.23
1z6j,8.03
4qh7,5.94
3cf9,4.83
6buu,5.44
6avi,5.71
4zs9,4.57
4pz8,5.92
5hx8,10.0
4hhy,8.72
6gbx,7.7
1yon,4.21
6ew6,3.08
4r5b,6.73
3sv8,7.91
3cth,6.96
1rs4,7.17
4iqt,6.11
5bvn,8.82
3lc5,6.57
3zqe,4.23
3c79,7.2
3lea,9.1
1ros,8.77
4ze6,2.48
3tfu,3.28
1fm9,9.0
5a6a,7.22
4ual,8.4
3kdc,9.28
6iik,4.91
4qll,3.38
2bza,2.8
6ckw,9.08
2mps,5.41
2amv,8.8
1hty,1.4
6d4w,5.25
4mxa,8.92
5o1a,4.52
4tpw,4.69
6im6,4.68
2pax,6.74
4b2i,3.0
3dwb,6.19
3hl7,7.64
3ibu,9.15
4mzo,6.57
5qaf,3.51
5jim,3.99
3emh,6.85
3e0q,5.89
5b5o,5.72
6htd,8.0
6hys,5.59
3lbz,3.86
1eix,11.06
5c91,3.61
1wdr,2.52
5u5t,5.41
1w1t,2.96
5hzx,8.55
6dh8,9.84
2las,5.74
6u8l,6.91
2f1b,3.0
5qb3,4.31
4ps7,7.41
3l16,7.48
5eb2,1.11
6byk,3.41
6g8q,4.72
6e5s,6.44
3qzt,4.0
2hug,5.97
6ott,5.42
6o6f,7.4
4h39,6.68
5wbq,5.83
2pnc,3.33
2koh,5.22
5lto,5.92
3ogq,7.52
3rul,6.85
6g24,2.77
1c84,5.0
3bbt,6.15
4ajw,5.86
4flk,5.25
1nu3,4.0
5eq1,4.68
5dey,8.43
5xii,7.12
1hn4,3.82
4buq,8.14
6ct7,7.0
5csz,7.77
5em7,7.72
5y13,5.94
1fq7,5.43
4r92,7.41
3npc,8.34
4yoi,6.48
2rt5,6.72
4kil,6.3
4i8n,4.46
4zw3,7.57
1o47,8.4
6ikm,8.57
1y19,6.77
5mpz,4.07
4iks,5.14
2i6b,7.17
6g3q,7.24
6rtn,6.63
4oue,3.3
6bc9,9.43
2cll,4.3
2yj9,7.02
5eni,2.3
6uvy,6.0
4ycm,7.72
3jvk,3.93
5wad,8.11
5oh7,4.37
2e2r,8.26
3lzb,7.2
6mx3,5.14
3gww,0.45
3neg,5.94
5kx7,7.44
4lte,7.22
6g34,8.24
4urw,2.8
2w12,4.65
4lrr,5.22
4puj,7.46
5mfr,4.3
6ekq,5.46
3oyw,4.11
6ajx,5.04
3ft3,7.36
5a85,5.3
3v0p,6.28
2ieh,6.96
4amy,10.82
5wew,6.74
5cw8,7.22
5lz2,3.0
4dcx,4.5
3hww,7.12
4zvi,6.33
4kio,6.3
1f90,7.92
5d0j,5.31
6qr4,6.23
6dqb,6.49
4oeu,7.66
1br8,4.74
3kab,3.2
3dng,8.13
5abh,8.77
5q0u,6.76
3tv8,7.15
5l6i,4.35
1ej4,7.3
4os1,5.6
5nhj,8.27
3jpx,3.63
1j36,7.74
1cyn,7.68
6md8,2.38
5moo,1.31
3ob0,3.0
1kwr,6.6
6ccx,3.15
1y8o,5.89
3po1,4.02
5joh,5.96
5m2q,7.52
1b0f,7.7
6ma5,8.1
2gyi,7.0
6g07,4.57
3o23,6.3
4mhs,5.29
4ht2,6.54
5ngf,5.11
6rz6,8.54
4mo4,4.22
3gtc,2.35
4gkh,4.67
3py1,6.89
1hos,8.55
4e3n,10.3
3o86,7.15
3s1h,4.77
6qqw,4.72
4tzn,6.52
2ha4,2.7
5i9x,7.52
1q41,7.66
3pkd,6.12
1i9q,8.41
3wqh,8.48
3f15,8.1
3r6u,4.52
4c36,7.7
3d2r,5.48
3lj7,8.34
5xva,7.29
2wxd,5.48
3b2q,4.55
4j58,3.3
2j9a,5.89
4otf,8.22
2woa,5.94
4jmx,7.21
3eta,7.85
3uyr,6.9
1lfo,6.7
2a5s,6.7
3o9h,12.1
5xxk,8.2
4ca8,6.68
6mqm,9.57
5zml,8.11
1gvw,6.96
1rnm,3.07
5nvc,6.19
6jfk,4.84
3kba,7.8
4yrd,4.57
5ey4,3.12
5akw,6.39
6gvz,6.4
1m0o,2.31
5a2k,6.35
5iu2,7.8
4awj,2.0
3at3,8.04
6i63,7.01
1juq,4.25
1ppw,4.3
4f6s,5.49
1tfq,7.92
4odm,6.07
5o4f,6.68
4aua,5.14
2xru,7.51
1mq1,6.59
5yzd,6.7
2ajl,7.89
3s3i,7.8
4pgd,6.92
3ee2,4.19
1vij,9.52
2qp8,8.1
2yim,3.92
3iiy,4.8
5uk8,6.4
3udm,4.48
4cd1,4.89
6hle,9.31
4mrf,1.95
6mnp,3.71
3iu7,4.8
3q2h,9.16
4joo,4.43
1lhe,9.54
4zji,6.47
6dai,4.07
4c1u,7.09
4tjw,6.02
3n5j,5.22
2iko,5.45
4ytc,7.89
2hfp,8.52
6ccl,3.56
6aud,6.22
3pi5,6.02
6mob,8.15
2ql7,6.26
4ezj,8.42
2xyd,6.82
4ofb,5.43
1osg,7.52
2y2j,4.8
4w50,5.85
5em6,8.4
3e9i,6.22
1m51,4.73
3s78,6.47
1sqb,7.95
5amn,8.35
3uod,7.31
2w8g,6.0
4kv9,3.84
6pyu,8.0
5kkt,9.0
5szb,5.11
2x81,8.3
3sn7,9.15
4xu0,9.11
4tk4,5.1
6ee3,6.86
5hmy,6.3
2oo8,9.0
1a99,5.7
6npp,6.05
4r6w,5.27
4qjw,7.8
6qyo,7.52
6mjf,5.16
5ajv,6.24
3ptg,7.6
5zdg,5.42
4iq6,7.24
5evb,5.0
2zkj,5.48
4m3p,5.4
4kww,5.55
6peg,5.16
4aje,3.68
2xu3,6.8
4crb,7.57
3hac,8.17
2xxy,7.89
4pxf,3.1
5vs6,6.98
1w6h,9.3
7gch,5.7
4prh,4.6
6j8q,5.57
2l8j,5.52
1yci,4.08
3u0d,10.0
5tln,6.37
4own,4.22
5t37,6.62
3zo2,7.1
3fuc,9.72
5n1z,8.19
3cyy,4.77
1xgi,4.85
3pp7,3.94
5emk,7.89
3sie,7.88
2ohq,4.6
3ebi,7.1
4m6q,8.21
1uw6,7.34
6os6,5.96
2wed,6.1
2j9n,4.7
4bcn,7.92
4l02,7.7
4x8o,6.6
4rwj,8.7
6p88,4.52
6qr1,5.07
5mk9,4.42
5a54,6.15
3fsm,7.0
3t70,6.3
4avu,7.85
6qqz,6.74
4dkr,6.52
2ew5,5.9
5yzc,5.52
3ds6,9.1
4pin,5.4
1zgv,6.0
6me3,9.38
3zhx,6.68
3gwv,2.6
6o0k,10.74
5cyv,4.96
6qrc,4.89
4zw6,5.72
1g9a,5.3
4bam,8.94
4r0i,6.52
3w9r,6.18
1s26,3.07
4n00,8.02
6oqn,8.0
6chl,8.05
6cex,1.7
4xcb,5.47
5kr8,6.82
6gip,7.38
5lpk,5.51
5jq7,4.8
3pz1,6.14
6bnt,6.55
5niy,4.22
4hws,9.1
4cpq,7.74
2wi4,5.81
2qnb,5.34
1lzo,4.54
5mra,8.0
6nzr,9.3
6mqc,8.28
1jmg,6.07
6ia7,5.7
4w4w,7.46
2wos,3.9
4h38,6.04
3w2s,8.16
3zk6,6.34
5f63,7.92
4abv,6.07
5ku9,5.83
3h2c,3.3
4ono,5.19
2b9a,8.05
5v86,7.1
4b5s,3.49
4ty9,2.05
3itc,1.6
1ppc,6.16
5nxw,7.24
1mfi,5.59
2yi0,8.12
5fxq,7.85
2zv2,6.3
4zyf,8.64
4znx,6.62
2kpl,6.64
4n7u,6.29
4aq3,7.43
4ajn,7.16
6en5,7.94
6gev,8.7
1sme,11.22
1kc7,5.52
6itp,4.65
4xhv,4.3
4m5r,3.0
4aa2,3.97
4bqt,5.79
4a51,6.73
6j6m,9.52
3n4b,7.02
3f38,2.62
4aw5,6.12
6fap,2.15
4rz1,7.4
3k05,4.85
4odn,6.74
4r5x,5.26
3pdc,7.49
6mck,7.92
6t1m,5.21
2a8g,3.69
6dpx,5.89
3upi,8.22
1gmy,7.35
2veu,7.0
4nbl,6.33
6e8m,6.28
5emm,7.74
5wre,6.41
6v1c,4.19
5d1n,5.57
1hrn,8.05
5klt,6.76
4hhz,7.72
4mc6,9.59
4alx,7.28
6b2q,8.05
4ybm,6.85
4anb,8.18
5yc1,4.34
2wu7,6.28
4deg,8.22
3iod,4.1
6nrf,7.74
4ezq,5.2
6hu0,6.91
3lnj,6.66
4uac,6.54
4a2a,4.35
4j5d,5.96
6d2o,5.3
3o99,10.82
6mum,8.41
6k1s,7.7
6fi4,5.66
5h7g,9.24
5fas,7.47
2wig,3.43
5o9q,5.21
1nfx,8.52
3nu5,8.35
1bgq,8.57
4llj,3.42
4y32,4.05
2znt,9.3
5myr,4.66
5yjm,7.68
4f9u,6.03
2w0d,8.7
6got,9.4
4mg9,5.68
5adr,5.64
1gsf,5.0
3clp,3.69
3rxg,2.15
5mob,4.05
4crj,5.96
2g5t,9.09
3kmm,9.7
5ezg,4.92
1qbn,5.85
6g4z,9.77
4tky,5.7
1a9q,6.17
5vd0,6.49
5nve,7.46
3rq7,7.77
3ika,7.85
6f3e,7.15
5od5,7.74
4a7c,8.22
5a5z,4.08
5trr,7.39
4lgu,8.68
3mn8,6.17
1xfv,3.89
5he5,6.47
5wlg,4.72
2j4g,6.6
4zyy,8.05
5tuq,6.35
4l50,6.06
4x7h,7.38
4bo8,6.92
3np7,4.02
2vcq,6.04
2w67,4.96
5di1,7.68
5eay,4.47
3lqj,5.37
4o0t,5.54
4ixv,6.62
1iq1,7.46
6ar9,5.18
4x1s,6.87
3r7o,8.36
2b4m,3.53
3d52,3.28
3k4q,5.34
4wy7,6.78
6hgg,5.42
2q80,4.6
3dp2,5.82
5tyk,7.65
4ucr,3.3
1htg,8.42
5lp1,9.4
4gr8,7.83
1hsh,9.42
1oq5,7.68
6kqi,8.06
1x7r,8.05
5lzh,3.1
2knh,5.15
2zo3,10.0
2z97,6.0
2z4y,6.15
1k21,8.38
4x1n,6.42
5svx,6.19
3jzb,9.01
4nyi,3.06
2qa8,6.0
2zas,7.86
4fcf,8.62
1o2x,5.85
4nms,4.94
6fau,5.44
4pku,4.52
6gjw,4.96
4arb,5.89
1rmz,8.0
4l51,3.0
3bc5,8.3
3f8c,7.68
4nyt,2.39
4mr3,5.94
4ac3,3.96
5mng,4.68
5hpm,7.13
4ucc,4.32
4kln,7.7
1mqj,5.32
5dx3,7.41
5xmu,7.51
6q3y,7.27
4cwo,5.21
5tmp,7.47
3vjk,9.43
1jut,7.32
5akk,4.0
2oc7,5.85
5tuo,6.49
4gfo,6.62
6by8,6.91
6q38,6.38
2o65,6.19
3qiz,5.21
5yr6,5.34
1u9w,8.46
2pow,7.2
4x6x,8.64
5fl6,7.36
2vtq,6.85
6hpw,6.09
3bi6,7.82
4urv,2.77
5xpp,7.44
6gub,7.64
5nlk,7.46
4eg4,7.89
4ufi,6.2
6gg3,4.21
2wtx,2.89
5o7e,8.0
4acx,7.11
6b27,5.03
5t2l,8.2
2vw2,3.3
1ze8,7.68
1dqx,11.05
4gto,7.98
6kzd,8.53
4jv9,5.74
3l3m,8.22
5hlp,7.27
4pm0,7.35
3whw,8.22
3okp,4.72
1kdw,5.54
2xp4,3.74
3tt0,9.05
5qim,11.22
4e6c,4.82
5c1x,5.75
5oyd,2.75
5nxv,8.46
1ogx,6.09
3kqw,4.01
6qdx,4.52
1rxp,7.14
3o0j,7.19
4u6x,6.38
6m8b,5.36
4lgg,8.52
1yw7,5.85
1pfu,2.72
5ku3,4.89
6ilq,6.36
3wav,6.74
5n2z,5.31
4bh4,1.49
4w5a,3.77
2ym6,6.06
5mqv,8.1
3uvo,7.0
1mqg,6.28
4xu2,9.23
3mtw,7.04
4occ,8.7
4bf6,8.35
2ovv,7.92
3qxt,5.22
6ma3,8.3
3h5b,10.0
3ncz,7.82
3erd,9.9
3a6t,7.28
3kqo,3.85
5h1e,7.54
4io6,4.82
5fqr,7.59
4zz3,6.0
1aqj,6.47
5mi5,6.77
1sm2,8.0
3r9h,4.0
4p4j,6.15
1m48,5.09
3fuj,3.63
4xtt,7.37
4ytf,8.15
1gj5,4.96
1al8,5.32
5k48,6.6
6d9x,3.49
6q9h,8.11
5g1n,7.77
6ma4,7.35
4lbo,5.77
1n7t,6.82
1o2p,4.85
5czb,8.0
3ujc,4.59
2zaz,6.4
1v0l,7.55
5u5h,5.89
3upv,5.3
3usx,5.02
2uyw,13.0
2hrp,8.3
1bq4,5.22
6te6,6.57
5jxn,6.41
5zoo,5.65
5e7n,6.09
4yp1,5.04
6gxy,5.24
2ndf,4.23
6imd,4.23
1pqc,7.0
1pmv,6.82
6b1f,8.72
5ivs,8.21
1xh5,5.47
4xoe,5.0
6bj2,5.4
3zs0,6.7
5ljq,9.0
4pid,4.62
2v0z,9.22
6rmf,8.0
4i31,9.32
5t2p,5.72
4k6y,4.83
6g93,7.96
4gki,4.46
5lsy,6.54
1h1h,5.22
1wc1,4.0
6fky,6.49
6u80,4.43
1ogd,3.03
6o4x,7.4
6mt4,3.82
2bz8,5.6
4nal,5.66
4heu,10.01
2zg3,2.06
2cc7,8.01
4zzx,6.9
5t36,7.37
4eol,6.05
3g76,6.64
3amb,6.18
2vwz,6.1
5nps,5.89
4q4r,6.43
3ds4,4.19
4bic,7.3
2r9m,8.82
5qar,3.77
6dkp,7.44
3kga,7.21
3fi3,7.92
3mg7,7.89
2w2i,6.04
4m5n,5.12
4acd,8.31
4hv3,3.94
3obq,3.54
4ysl,5.8
6axp,5.07
4twc,7.4
4h2j,5.32
2z52,5.57
2cem,7.92
2ai7,6.4
3bqn,8.6
2f70,4.47
2z4w,6.01
6f6r,8.25
3vqu,7.43
4ksy,8.42
1bdl,5.85
1t1r,5.4
1fo3,6.7
4d9p,3.84
4wki,8.3
2dbl,8.7
2idk,5.54
1v2h,5.3
6jut,8.68
6ibk,3.29
2xuf,14.39
4u5v,3.05
4ksq,7.31
3f3v,7.14
4k78,4.79
2oh0,7.74
5wap,6.52
1fo2,4.7
5h17,6.05
6f9r,4.97
6m8c,5.66
4obz,5.72
4mib,9.7
3v78,5.54
2c90,3.48
6ap8,5.1
5ali,7.07
4ded,7.42
5m53,6.21
2y7p,5.47
5huy,5.03
4io8,6.64
2i2b,2.44
2vj6,7.89
5ect,5.28
5lc0,6.7
3bbf,5.28
5za2,5.77
3bgq,7.96
2y7w,4.98
1okz,8.3
2v0n,6.3
4r4c,5.54
6aad,2.79
4j51,6.59
3pke,3.6
5cy3,7.8
3lzs,10.96
4qir,6.95
4wn5,7.41
5ak6,3.49
6slg,10.3
5dgz,7.85
3rwh,7.4
5jhk,4.64
5dhu,6.3
4b8o,8.4
3shz,7.44
6oxr,10.32
4oas,10.0
2brn,5.26
4uat,5.89
4oef,4.76
2ay7,2.3
5yc3,4.85
4j8g,4.19
2vpo,5.42
2epn,7.22
3chs,7.77
2w8y,9.09
4eke,4.48
4zts,7.6
4loq,8.15
5v49,7.3
6mlp,3.7
2vxj,4.17
1swi,3.1
5ml6,9.45
4bt5,2.76
2jbv,3.54
5u7i,7.18
4x7n,8.22
4nmx,6.18
5ixt,4.6
5hcl,2.22
1ktt,5.82
6nfy,7.8
4qqc,7.34
3q32,8.74
6ugn,6.12
2j4a,10.6
2q6h,3.6
3tdu,5.67
1qbr,10.57
5ypy,4.64
3u8w,9.0
2bmk,5.62
3hzy,7.0
3d14,7.66
4glx,7.8
4g19,3.58
1tc1,2.7
4yyl,5.01
3iu8,6.24
5a09,8.46
5diq,5.17
5k51,4.8
5bqi,9.05
6jay,5.7
2gfj,3.82
6h3q,7.14
6ugp,6.16
2xwe,6.02
2oyl,6.3
4lwi,7.64
4gxs,4.0
4xrq,6.63
4wyz,4.3
4eev,8.33
1sjh,8.05
6bh1,7.22
6q9o,8.47
3wz6,5.96
1jmq,4.4
5xpn,6.99
5cst,6.96
4rxc,4.48
6i0c,6.85
6hv7,5.19
3kn0,3.6
4ly1,7.26
5itp,5.0
2y5f,8.7
4anq,6.22
1cnx,7.37
4zyz,7.17
5mwy,7.0
5cls,6.66
5urk,6.1
3v7t,7.21
4dv8,9.24
6mt5,4.49
3gjs,4.99
6kjf,4.97
5i7x,7.28
6b5t,8.66
2bxt,8.52
4ibd,3.67
5mar,4.39
1zz1,6.02
2y5l,6.48
6rni,9.4
3gy2,5.74
3lq8,9.4
4kij,4.3
4mg7,6.36
3vi2,3.77
4b74,7.66
4na9,7.39
5ut4,4.38
2x91,6.74
2rg6,8.66
2qbw,7.25
5htl,6.3
4c52,5.68
2qtb,8.32
3vp4,4.73
5wj6,7.57
3s45,8.49
4ymx,7.1
4mx1,3.68
2q7y,4.3
3mvl,7.89
3qdd,8.77
5kby,8.82
2pt9,4.46
5anu,9.4
3gur,8.0
4mx0,6.73
4av4,7.03
6uhu,3.4
3wk7,3.9
3fx6,6.8
3gcv,7.13
1kjr,6.06
2nwn,6.3
4unr,8.7
4pn1,6.17
3umo,3.89
3fyz,5.8
5chk,5.39
5mf6,4.36
4u4x,5.01
4zs0,5.64
2zif,4.37
1sqn,9.4
4tk1,3.72
5xmv,7.68
6n4e,8.0
5l72,6.8
3bho,5.61
6d4s,6.05
1e00,6.1
3fej,6.13
4udb,9.15
5oei,5.8
5d0r,6.37
3nee,5.34
1eoj,13.77
3kfn,4.74
4q06,7.66
6r1x,4.4
5a4e,6.4
4rx8,7.46
5zym,5.77
4jfd,4.44
4url,6.3
1riw,7.55
3p3g,9.74
3l0k,4.62
3isj,3.68
4qwi,5.36
1siv,8.08
5em8,5.96
2np9,5.57
4e3l,8.52
4fll,5.29
2fjp,8.37
5nuu,8.2
3zll,6.4
4uxl,10.6
5fog,3.67
2evc,6.54
6ajj,6.8
5t2m,9.2
6ccu,4.45
3u3u,6.88
5jv2,4.0
4aci,2.22
4ydg,7.82
3aig,6.0
4pz5,6.92
1owj,7.32
4ufm,3.72
1lvu,5.32
2upj,7.39
4wup,9.82
4u91,6.83
4ock,5.08
4wq3,7.0
3l3q,7.27
4dkp,5.72
5e1b,4.84
4mot,7.3
6c91,6.19
3avm,3.3
4aqh,6.54
6ghp,9.36
5nu1,9.0
6n0k,5.07
6gvf,7.55
2c3j,6.18
5ene,3.23
3kyr,6.72
4jk6,7.19
5tp0,5.44
4yih,4.66
1skj,5.15
3al3,5.68
3fe7,7.12
2w6o,4.22
6ibv,5.23
6c9r,6.71
2znu,8.11
6bqk,9.0
1grp,3.72
2cht,5.52
4cd6,3.59
1di8,6.0
5uwi,5.8
1y20,5.32
4hy1,8.7
3vjs,6.19
1w5w,8.8
3hwn,8.7
3rmf,4.09
5vlr,8.52
2df6,5.98
4zy6,8.3
1dzm,5.41
6a8g,6.61
3igb,4.42
1csr,7.38
6fut,4.7
2c9t,7.48
5enc,2.3
4nkt,5.97
4mk8,9.0
5om3,4.1
5fdg,6.37
1jik,9.7
4lkk,5.92
4gg7,8.2
1anf,5.46
3w07,3.38
3uwo,6.36
3oyl,6.7
3ikc,7.46
3et7,7.77
2ewy,6.15
1xb7,6.22
4tu4,3.76
5djr,4.86
3uxk,4.93
2y68,3.6
3st6,3.62
6b1k,6.67
6ajy,5.28
1z4o,4.52
6fyl,8.15
3gx0,3.48
4hxm,6.1
5hvp,7.7
4xu1,9.49
5un1,5.8
1g1d,9.44
3ppm,9.54
6faa,6.75
4pri,4.03
3gep,3.75
6qmr,7.92
4l8m,9.0
6hly,7.33
3fjz,4.05
4jj8,6.14
4yv9,6.4
4guj,3.05
3jzh,3.4
3vdc,4.92
6e7m,6.66
4wyo,6.95
4gye,6.85
6b5q,8.24
3dbu,8.06
4z3v,8.4
3wcb,7.74
5w94,4.65
6qau,7.48
6g2f,5.17
6apu,4.87
4na7,9.7
6bmx,4.72
5u98,9.7
3tti,8.22
2yek,7.21
5n7x,5.24
5y0g,6.7
2a4z,6.6
4aj4,3.89
3b2w,9.22
3h52,4.85
1dfo,6.7
5fe6,2.16
6etg,4.66
2be2,8.7
4ran,7.15
2xnp,6.44
5o3q,5.68
5w1e,5.24
3d04,6.05
16pk,5.22
4zsr,4.44
4mjo,6.22
5e1e,7.66
2qwg,3.64
4izm,6.66
5td2,8.66
5fls,3.04
3qbn,8.23
2q7o,7.92
2nng,5.36
4djx,7.23
2bdj,9.35
6cqt,9.64
4mg5,5.34
1lf3,7.0
4rfz,7.4
4bo5,7.1
5u0z,6.19
6g7f,5.0
3g2y,2.0
5ml8,8.1
5cnm,6.81
3v2q,6.29
3mke,5.66
5ew9,11.0
4llp,4.8
6jsz,5.68
4p0b,6.54
1rjk,10.0
3hnz,7.72
5ia4,7.28
5qao,3.62
3p4f,5.66
6knh,3.55
2p7z,6.58
2qq7,5.24
1qx1,2.12
5wg6,4.54
5nhh,8.95
5tq3,8.66
5t8j,9.0
5t78,7.37
2yhw,5.6
4xg4,7.67
5fap,8.0
6es0,5.65
1njb,5.8
4e49,5.11
4jyt,7.4
2b1p,8.52
2xk1,5.74
1usk,6.4
2e2b,7.96
4ayw,4.0
1t7f,5.74
4d7b,7.68
2pu1,5.85
3f7z,7.19
3cj3,4.24
6qwb,6.04
1nju,7.3
4u0m,5.77
4deb,6.43
1bnu,9.7
3ckz,8.72
2oi9,5.7
5dtq,3.86
3le8,6.07
4z1n,8.23
4o9w,7.16
1z9y,7.19
5ny3,7.47
5za7,5.87
3hdm,7.4
5n9r,5.59
3m58,5.48
6flg,7.52
5tyo,8.21
3lxs,8.1
6fmf,5.88
4w9n,4.26
6mo5,9.52
5zaj,7.38
4ofl,7.66
5l8y,6.4
6f20,4.31
3qx5,4.2
6mo0,6.23
6g3v,6.04
1bqo,7.74
5mty,8.89
5lca,4.48
6mku,7.15
1w1g,7.68
5kv9,5.85
4fgx,7.14
6d3g,4.7
2xgo,3.0
6fav,5.33
5mjn,8.54
4mq6,6.47
2cgu,4.87
4oq3,8.1
6pu3,5.23
3wmb,5.37
5oha,4.89
2pr9,7.37
3p3h,7.44
4r0a,4.26
3l7c,2.44
1jm4,5.0
4f39,5.7
3dcs,7.94
6g3o,9.24
4y3b,4.87
5v7a,6.38
4ory,3.53
3wqv,5.21
4u79,6.4
2h2j,5.38
6sy7,3.33
4zlo,4.92
4ezo,6.52
4pis,7.22
5svi,5.17
4mrh,1.9
2iku,7.1
5bqh,8.52
1ghz,4.8
2xn6,8.8
5v35,6.96
5oqw,7.4
1zhk,4.45
2jh5,6.44
5dhg,9.14
4up5,2.6
1rth,6.4
3pd9,6.22
5wef,6.44
3b82,4.43
5t2d,9.1
4qq4,5.74
5u2c,6.63
6agg,4.07
6atv,8.22
6cj5,5.19
3sym,4.57
6hf5,5.17
2flr,6.1
3oku,6.36
4lil,4.9
6aa4,6.33
6iql,9.37
5koq,9.24
1g9d,5.3
6dz0,9.03
6jno,6.63
4muw,8.01
3aav,6.62
4gne,2.47
4abf,4.62
3h26,4.49
3mxy,6.41
2jke,4.23
2qu2,5.43
4zs2,5.49
2p93,8.82
9abp,8.0
5d48,7.52
5sz3,8.6
4z93,7.35
1ga8,1.8
4nyj,3.49
6czf,5.8
3h2n,3.67
4k5m,3.71
4jg6,6.44
3e63,5.8
5ye7,5.46
4e5g,4.67
4ypf,2.7
3wqw,5.23
4dpi,7.11
5e90,7.85
3vbd,8.07
6css,7.6
4zip,9.68
2vwl,7.02
3wq5,3.85
5tq6,6.91
5lmk,7.43
1ylv,2.7
2yc0,2.82
6r18,4.92
6czu,6.32
6tim,3.21
3d7g,7.77
1wm1,6.3
1pi4,7.43
5opr,5.59
5tfx,7.22
3sd5,6.58
2y5k,6.66
3meu,6.3
3ebh,6.32
5kly,7.21
6g3y,5.89
6eeb,5.3
6jbb,5.99
2ot1,4.0
5wyr,6.39
6ex0,4.03
4rww,5.85
3ion,8.1
3c14,3.52
4dgm,5.92
2xm2,4.62
3nfl,4.38
5ggz,7.25
4bhn,8.2
1t32,7.42
1svh,6.44
5khi,6.77
1ct8,6.52
5kqf,6.51
5ad1,7.24
2gm1,7.0
1ke0,5.38
6f8g,4.18
6e86,5.09
3t4v,6.3
6g9n,8.52
3ohi,4.85
6few,5.85
2vk6,5.3
5fbe,4.85
3cz1,7.26
5lz8,6.01
4p0v,5.92
6qtr,4.64
5mnb,2.48
2c9d,6.32
4dvi,6.72
5hjd,5.24
1i8j,4.41
3c4h,5.7
4x6s,5.24
6ipk,5.17
3nth,4.32
1gno,7.7
6afe,5.36
2jt6,7.6
6qff,5.69
1wun,7.21
5bue,8.52
4rfy,7.0
4jpy,4.43
1d4k,9.22
2x95,4.95
5yie,5.25
2cnh,7.23
1rhj,8.04
6hrq,7.09
1y98,5.43
3tdj,5.25
5ugd,6.62
2wec,3.96
5j6a,7.77
6bxy,8.05
4mg8,6.48
1drk,6.82
4ynd,8.55
6ht8,6.72
2wva,10.7
6dzx,5.46
5hct,7.6
5ar7,6.49
2q55,8.69
6h33,9.22
5t66,8.43
2xjx,9.15
4itp,7.27
6bbv,6.1
4gvu,7.52
5hm0,6.36
5mqy,7.11
4bzr,7.6
3l8x,8.0
4lxa,8.7
2yex,10.0
5wmt,5.86
2y8c,6.4
4poj,8.1
1xpz,7.08
5mnn,3.84
1hee,5.34
2w1c,8.0
4gj3,8.85
5n4t,5.97
4lh6,4.11
5oh1,4.41
3qto,4.13
4twy,3.97
3qar,6.49
4wkn,9.72
4z5w,5.81
5laz,8.4
6cbg,3.95
1ove,9.13
3rjw,7.57
3el5,7.72
6dxg,4.85
4gzp,7.84
3uwk,4.24
5v41,6.15
4g0q,2.52
4utn,6.15
1aj6,5.92
3wd2,6.24
1kv2,10.0
1m7y,10.96
2pri,2.91
4kcg,8.3
3lkz,6.15
4kwp,7.49
1c8v,6.33
6b3e,6.99
4hw2,7.26
4p73,7.66
2llq,5.82
2wkz,8.77
1qf5,7.37
3atk,2.85
5i83,5.39
6a06,8.47
4ufd,9.68
4yll,6.92
4r93,7.8
1yt7,9.89
4o43,4.3
6i75,4.64
4gw5,5.46
3diw,6.72
3are,6.21
5a2s,7.7
1q83,12.39
5zee,2.8
4dow,5.02
6e2n,7.9
4loi,6.77
4qsh,5.1
4wy1,5.29
2h65,8.19
2pj6,7.31
6r7k,7.3
6gf9,6.39
5f74,5.12
2gg9,5.46
6g6x,4.88
2chm,8.26
6gmq,2.3
5bqg,4.76
5g53,6.37
3vdb,2.52
4d2w,4.51
5duw,3.29
2ds1,8.47
2a4r,7.82
4amz,9.82
4mpe,6.37
1a50,6.7
4nak,5.85
1dbj,7.68
1pye,6.41
4pce,5.15
6imr,5.37
4kqp,6.05
2gj5,8.32
1o4k,2.92
5k0t,5.78
6f26,7.62
3oz1,8.7
5mo2,3.84
4ayy,8.17
2ohu,5.38
3e3b,7.96
2n06,4.92
1o4o,2.46
6t6a,6.7
4c4e,7.6
4ztm,7.6
4ui4,7.35
3cr4,4.28
3ce3,8.74
4hkk,5.54
5ipc,4.89
3tiw,7.67
2nq7,5.54
5flq,2.97
5xmr,7.61
4gw8,6.06
1rpj,6.48
5wal,8.77
4w9o,7.77
2csn,4.41
4tmr,7.22
1b40,7.28
4i11,4.57
3hx3,8.0
4edz,8.08
5bqs,5.64
1om9,4.15
1jld,6.73
4n70,12.0
2r3g,6.1
3mhw,2.3
4ad2,6.2
2yjc,7.66
2r5a,2.6
5nad,8.96
6jsf,8.48
5o1g,3.94
5ehy,6.09
3k5x,6.41
4p2t,5.43
1xzx,10.22
5zun,9.19
6me2,9.37
4jzr,7.8
1lcj,9.0
3nu4,8.82
4jmh,8.68
1b46,5.28
1ce5,4.74
3ds0,4.83
3f07,5.54
5y86,6.1
3ard,6.76
1lcp,6.64
1ff1,4.92
1qy2,5.74
6eeh,6.54
3uyt,7.85
1aq7,6.05
4wcf,4.28
6h4z,7.64
5tci,6.88
2xi7,5.14
5ygf,6.21
4pum,6.73
5ep7,5.4
3h0j,6.49
5lo5,5.87
6hy7,5.57
5gmj,5.08
3qtu,7.15
6agt,8.4
6bj3,4.77
4ybt,7.0
2xf0,4.52
4w9x,7.4
3n46,4.3
2x09,3.76
6fu4,6.19
5cj6,8.69
4e81,5.24
5vcz,6.35
2ewa,7.94
4q9y,5.68
3o84,7.24
5afk,3.88
3opm,6.62
6d4u,5.7
4x8g,6.0
4hup,4.82
5vlk,5.26
3iej,6.66
4xx9,5.08
3tiz,3.82
3qw8,5.1
4myd,4.55
6dgq,5.51
6i65,6.41
5m6u,8.37
5ct7,7.15
4zb8,6.03
4mhy,6.47
4oyt,2.81
2aox,7.42
4j1h,6.11
2f8i,7.26
4j59,5.85
2r1x,4.8
4wsk,6.43
4fob,8.3
2c3k,7.59
5laq,9.2
6eee,7.54
2ya8,5.75
3kc0,7.92
4k4e,7.62
3vb5,5.34
2hd6,7.8
3oe8,8.14
6hx5,5.66
4gtm,8.04
1ztq,8.89
3fw3,7.37
4w9s,6.82
6q39,7.85
2c2l,5.55
5b25,10.24
3m59,5.24
4u3f,8.39
3ctt,6.35
8hvp,9.0
3k5f,5.43
3w2p,5.09
1b05,7.12
6d1u,5.44
6evp,4.53
5fns,5.4
5tw5,7.42
3mrv,3.74
5ee8,6.89
1oth,7.0
4zx4,7.11
4jfv,6.28
5irr,5.27
1wbt,6.47
4yvz,5.52
6miv,8.15
3p8o,8.72
6p3t,7.32
1w96,8.41
2hb3,11.35
3m53,5.31
3d1x,8.66
5nzf,4.03
6aro,5.15
6b1h,8.72
2bvx,8.7
4io2,6.7
5wdw,6.54
5w85,8.0
1ow6,5.4
6dxl,5.8
5w8v,8.22
2q7m,8.8
2qoa,7.28
1yms,5.92
1ol2,6.28
3hdn,7.2
1c1u,8.25
2q6b,9.52
6o9c,7.55
3wjw,3.87
4g95,7.61
2wmw,6.41
5iui,5.0
5y3o,6.86
1ch8,7.0
5hkh,5.09
4qgi,3.9
4lxz,6.74
5ehe,8.32
5os8,3.98
6dlx,3.32
3kah,6.59
5o83,7.96
5wa6,6.36
5v7w,7.12
4n4t,7.31
3at4,8.1
3p4q,6.52
4k60,3.24
2vcx,7.68
3m67,6.74
5alo,6.13
5maj,7.46
2jmj,5.04
4d1a,4.72
3p8h,5.3
4wmc,8.05
4y4g,2.0
5tg7,4.53
4mdr,4.39
3twr,5.19
4asd,9.28
3ufa,5.0
6v5l,3.65
3zxv,7.31
1czl,9.15
3ogm,7.32
4p7e,4.76
1ebz,9.4
4msa,3.3
5b5b,9.37
4rqv,5.05
3rxo,4.08
1xon,10.68
6fvm,6.6
4j3u,6.34
3cgy,3.15
3i8t,3.22
5h8e,11.2
5dpw,5.37
5alv,4.36
3fnu,6.16
4uu7,6.08
3b8r,9.22
5iu6,3.89
1r58,6.96
6e7u,6.92
1mmr,5.4
4pp7,7.96
5azf,4.44
3sou,5.68
3s76,5.05
1ijr,5.44
4aza,6.99
6qqq,5.17
2hmv,7.7
5ml3,9.69
5w4w,8.1
5moe,3.28
6oxs,9.96
4mc1,7.85
4pnk,6.6
1uy6,3.7
5lif,5.87
6ahi,3.6
4byj,6.57
3cph,6.48
4yk6,5.7
2cgf,6.41
5uwl,8.03
3dp3,5.82
5gut,6.29
6fv1,5.97
6i66,6.74
4zla,7.3
5ayy,5.32
2y8i,5.89
6n69,4.3
3s9z,6.22
2o1c,4.72
2o63,6.11
2llo,5.82
4k6i,6.2
4mk5,6.35
4eyr,6.63
6j9w,5.13
5trg,7.82
3l6h,5.4
4u93,7.89
2bmg,7.74
1p05,5.96
4i32,7.24
4j0s,6.42
5gmu,3.32
6mlg,5.05
4m0e,6.22
4fr3,7.15
6ey9,5.91
2v77,5.06
5c4o,8.21
5hoa,7.19
4clj,9.15
4qij,5.54
5aix,7.92
6aao,2.11
6qaa,7.66
2x8e,7.85
5l9g,7.7
4nmq,4.49
5hv0,5.96
1uvu,5.0
3v7x,8.57
4h4d,6.82
2nmb,6.28
220l,3.4
6fer,4.36
3bsc,4.48
2fqx,7.15
1t2v,6.4
5gp7,5.15
2h02,6.49
5o9r,5.39
6ej3,5.93
5d6f,4.37
4a9s,7.21
3bug,3.18
2qc6,7.0
4mp7,5.74
2fjn,7.41
6keb,4.39
4no9,7.82
6nzg,7.7
2h6t,7.22
5ykp,7.05
1npv,8.24
5am6,6.73
1agm,12.0
4f6w,7.52
6h7l,8.97
2xz5,4.01
5d6y,5.66
4man,11.0
1y3a,5.41
2wou,7.14
3btl,5.96
6c7q,9.15
3kfc,8.55
3vw6,7.85
2p0d,7.0
6j7e,5.04
5yhe,6.69
2gm9,7.39
3ctr,5.16
5lne,4.76
6ei5,7.42
6g9j,8.39
4rro,7.59
6i8t,5.75
6qrd,7.0
5ods,4.33
2uxz,8.48
2i4t,9.0
3zmt,4.55
5mwz,5.15
4uwl,8.57
4y2s,4.28
4cr5,4.15
6ntj,6.47
3k3i,5.72
2g9q,6.4
4cwb,6.09
4zg9,7.59
4i8z,11.05
1w14,8.52
4h3q,5.1
3wk4,5.13
1lan,7.22
2we3,4.43
4yec,7.6
4yux,3.74
5q19,7.32
5el2,4.47
6qh9,5.0
4agd,8.41
2bba,7.15
4ahr,2.19
6u7p,11.68
4c4j,8.52
4d2r,5.48
1noi,3.15
2vl8,4.52
3ugc,6.02
4odl,6.95
6iph,6.66
4ca7,7.36
6rvk,6.36
1bv9,9.96
6csf,5.44
5bnr,6.28
6j81,6.29
6gcw,8.64
3e0p,7.92
2xfk,8.52
6djc,6.63
4el9,5.36
4n8d,4.92
4e4x,8.15
5nho,9.52
3zqt,4.41
6n3x,5.09
4lxm,7.06
5m0m,8.22
3zrm,6.89
5am3,8.3
3wnt,6.28
5ybi,3.49
5om7,5.74
1g49,7.8
4luv,2.85
5eh0,7.74
4a0j,6.0
6cvy,8.41
5jmx,5.09
4ojr,7.42
5hvu,7.89
6dd1,4.65
4gxl,5.28
1k1p,7.92
3art,4.43
6b30,7.22
1tog,3.22
6m8e,4.85
1ftj,6.09
2gbg,7.25
4m0f,8.77
9lpr,5.7
5h5s,5.09
6gr7,5.5
4i0d,6.21
4i72,9.05
4eny,7.05
2a4g,7.18
2pg2,5.77
4ov5,7.43
4kz0,5.38
3q4b,9.33
6ibx,8.7
4hj2,2.53
6ncj,7.62
3r4o,8.15
2q8h,3.0
6afr,7.15
4baq,9.01
4iwd,9.0
6fo5,6.72
5ug8,8.7
4ll3,11.57
6fsy,6.61
6f28,5.67
5zcu,5.67
2qh6,6.0
6chp,10.12
4pns,4.52
4yml,8.35
1tv6,5.4
6d15,4.48
5h0h,6.16
3bet,5.82
3bft,6.49
6drt,4.97
6mju,7.56
2j3q,6.15
6bke,8.35
3mbz,5.8
5vll,6.37
2rke,4.08
2hog,9.52
5i24,7.42
4l52,8.4
4deu,5.64
6fdq,3.95
6ehh,7.49
2hjb,4.39
5h1t,3.8
5hkm,7.89
3ihz,6.8
4o1d,7.62
4xta,5.43
3bgb,6.05
4yl3,8.15
3ur0,7.15
5e2q,5.79
5tpb,2.59
5f5i,6.02
6qat,7.33
4dxg,7.06
2ndo,3.25
6pia,4.96
5fow,4.03
3f35,3.16
5cso,6.03
5byz,7.38
6r4s,6.39
5zz4,9.17
5evz,6.57
3own,7.47
3unk,4.82
1lhf,8.09
5u9d,9.26
5if4,9.0
5cnj,6.84
4fpf,4.41
2hiw,8.1
3hxc,5.28
4um9,8.07
5lwe,9.96
4xg9,9.15
2rip,7.19
4x69,7.66
6n3l,7.57
3aas,4.51
1pf7,10.14
1owi,7.55
3fxz,6.89
4alw,7.57
6qgh,8.15
5j9x,7.77
1bmm,7.1
3mt9,4.59
5nmf,7.42
4b6s,6.01
4anx,7.74
3eht,5.17
5dh5,9.64
2bbb,8.62
2r58,2.0
4qvv,5.15
2yz3,6.66
1ca8,9.49
6rfj,8.4
2uz9,5.71
3t2q,3.66
5xvq,5.05
3ovn,2.55
6coj,6.4
2e92,6.89
4fi9,7.34
1d3p,7.39
4qp6,3.46
2k62,4.7
2ca8,4.66
1lag,6.3
1ezq,9.05
6qz5,6.08
6n5f,6.86
6p8y,6.2
4kz7,2.49
5tg5,4.01
4abk,5.72
3t3v,8.52
5ktw,7.52
6md4,6.16
2peh,5.96
4bgm,6.21
1p1o,5.76
4ngn,7.55
4rfd,8.05
6hpg,5.5
4c9w,6.11
4gao,5.74
6r8w,5.92
4xy8,6.4
5nu3,6.64
1n1g,2.3
4uub,4.76
5juz,5.52
4okg,9.32
3g2i,4.86
4wr8,6.23
6o9d,8.7
3o0g,6.22
1mqh,6.52
1r6z,5.0
2iqg,8.3
4bs0,5.7
6ea1,6.59
4pvx,6.76
5jmp,7.17
6rrm,6.84
5ftq,8.0
4j7e,4.85
1os5,6.85
4xsz,5.6
4hmq,8.24
2wi6,6.64
6h9v,0.66
3fc1,8.0
5ugh,6.77
3tdh,4.26
3eml,8.74
2xp7,5.77
2ph9,5.89
6cct,4.14
1fyr,5.62
4tz2,3.46
3wtk,6.53
1x8j,6.96
2vtd,4.07
5ml4,8.7
5hff,6.3
3t2v,6.99
6bvh,9.15
1yvz,5.36
4b33,3.37
2qbx,5.22
5exm,8.2
1g45,8.64
5in9,6.36
3ckp,6.35
6gf3,4.84
4djq,10.32
6rk4,4.01
4jvb,7.41
5x54,5.0
5tyl,7.82
4c4g,8.22
1kui,3.77
5y3n,7.1
1njf,6.21
6hm2,7.33
6aji,4.53
3pn4,6.85
6ghh,6.71
3qlb,8.43
4y5d,5.92
2rio,4.69
5l7k,10.37
6g85,5.21
3exf,6.54
3fuz,6.54
6n3w,5.81
4uco,7.0
6np2,6.8
3o0e,5.74
1los,7.19
6hza,9.3
6mzq,8.41
4djy,8.27
5fov,2.8
1mq5,9.0
2nnp,8.37
4nuc,6.04
4awq,6.32
3krj,8.96
6c0u,5.99
5f08,5.52
2w1d,6.04
6r0v,4.96
5c6o,3.7
5dtr,4.41
5xyz,8.1
5tdr,4.54
5lyx,7.42
4dfw,7.85
1ebw,9.05
4zyr,5.7
4e8z,6.64
3sc1,4.38
3tne,5.72
6nyw,6.64
6j72,6.13
3hky,7.1
3lpr,5.96
3v7d,6.39
3wz7,5.74
4qbb,7.52
3zo4,6.83
5e2v,6.08
3eoc,6.64
6c1s,8.52
4ok3,4.15
2q95,5.8
2ggb,4.92
6cdo,8.97
6ml9,5.3
6s9c,6.57
4eki,10.0
5fwg,6.72
4bt4,3.34
6q8p,7.74
4gcj,7.7
4xip,6.63
6eqv,6.62
5ar4,6.7
5a9u,10.1
3uat,6.66
2ceo,10.0
3m3z,5.73
5hl9,4.66
5yjk,6.09
4r95,7.85
4uuh,7.77
3t4n,4.14
2nqg,6.48
6fvo,5.55
4avt,8.06
2yb0,3.85
2wei,8.47
4ju6,6.17
4x1p,4.2
1s4d,6.49
5w5o,8.1
2g1q,7.36
5ii2,4.89
4x24,9.78
4w54,4.17
5ufo,7.43
3nw6,8.15
5cgc,9.3
6cjy,7.64
3k4d,5.11
1mmp,6.07
4ykj,4.43
2r2m,7.33
3q3k,8.13
4qjx,7.28
6hu2,5.9
3t3c,10.23
4j1i,7.4
3eju,6.6
3ohh,7.74
6imt,6.6
5ct1,1.52
4zur,7.17
2n8t,3.37
4av5,7.21
5jop,9.41
3nim,4.75
6o50,8.55
4muf,6.34
4qip,5.15
1eoc,6.05
1lqe,5.82
5upe,8.05
4oex,5.84
4axa,8.0
4mw4,6.5
3ubx,7.6
4o7c,5.0
2fr8,3.15
6gh9,4.48
5vqv,6.4
1hk2,6.77
6hm6,5.5
2w1e,7.92
2cct,5.02
2vd7,5.38
3q6w,7.57
4tyl,3.22
3dri,4.42
5q0e,9.16
5qai,3.82
5cf8,8.96
3t6j,6.36
4rt1,6.14
1bzj,4.66
2x7c,5.7
1fch,7.15
5qaw,3.4
4oba,9.4
6eda,6.7
5ggj,1.75
6nss,8.85
4kp8,5.48
5ai9,6.61
4ua8,6.26
3zov,7.22
5q0d,9.0
5ew0,6.59
4lrh,9.72
1nt1,8.89
5ivv,6.35
2uw8,4.11
5yov,7.68
4lsj,9.57
5kqg,5.15
1jjt,8.05
4al4,6.89
3k39,8.08
4lkj,6.7
2uw3,4.1
6r8q,6.92
2jkr,6.07
3rz9,6.92
3qnd,4.85
1p2a,7.92
6ps0,9.94
6hoy,4.48
4ht0,8.0
3ed0,6.35
5dda,5.78
2c4f,7.7
1rin,3.15
5mqe,5.4
5jar,5.7
3u0t,9.52
4nj9,6.97
1eb1,10.43
3rk5,5.4
6n6o,9.15
3h91,3.73
5o0j,4.77
4oz2,3.0
4m3q,7.77
3e8u,9.42
6fqu,5.66
2qrk,4.26
6np3,6.47
5h0g,6.95
4q1d,7.78
6gjb,8.1
5g17,6.7
3fnm,4.71
4g8y,4.59
3ud7,4.74
6r12,4.4
1p17,2.82
5akl,7.07
4rse,6.4
2erz,5.66
6chh,5.57
4pnn,4.52
4h5c,7.55
2hb9,4.82
3mct,4.07
4fse,7.4
5aqk,3.65
6aeh,5.75
6hhr,7.01
2np8,7.38
5vdr,3.3
3kze,3.95
1v11,3.98
5a7j,5.2
4nmp,4.04
1xog,6.39
6i0x,6.07
5gvn,7.05
6br2,8.72
4cki,5.96
3i0r,8.52
2z5t,5.62
1n4h,6.55
6i8y,6.74
3ued,4.53
2onb,5.57
4n5d,3.22
6cjp,8.11
2rk8,3.64
6ggd,5.59
3lhs,9.0
2c6k,6.14
4deh,6.21
5d7e,3.82
2p3g,6.9
2qlf,8.85
6c7d,9.77
4ff8,6.4
2pqc,5.74
1w1p,2.3
3d1e,5.77
6gj7,6.06
5ufi,8.4
3oyn,7.6
6gla,7.57
6i67,6.7
5nbw,8.59
3dya,8.52
3h2f,4.06
3sap,7.59
5ewk,4.85
3bg8,5.89
2evo,7.17
5fcw,6.52
1r5g,7.52
5jzy,9.82
3zev,8.64
4knj,7.95
3vhe,8.21
5km1,6.18
1xh6,7.32
2wpb,2.89
1czk,8.82
3i73,5.49
5fsy,5.89
1bzh,6.77
4p6g,8.11
2r3o,6.22
4xg8,8.72
3pcc,3.62
6iuo,7.79
1fwe,5.6
1v2k,6.19
2vt3,4.15
4ob2,6.3
3tif,5.38
5ofv,1.58
5es1,8.34
6cj1,5.27
6c3u,5.4
3f7i,7.34
3nok,4.19
1fiv,6.59
3fqa,0.49
3rdo,9.85
1ya4,4.82
1jt1,3.4
5hf1,5.74
3rcj,6.1
6gw1,5.14
1fq6,7.86
4omd,9.01
6cz4,7.12
4j4n,6.88
1auj,8.25
2ai8,6.8
3gc7,9.22
1css,6.1
1ll4,7.22
3ibi,8.59
6eru,4.53
1xm4,10.39
3rxi,3.06
3ddu,7.4
5wyq,4.84
1pwp,6.3
2c69,4.59
6er4,2.77
1uwu,5.98
4o28,7.54
6nao,6.7
1ntv,5.82
1ek2,8.2
4pyy,7.23
3n51,7.82
4m8y,9.96
6mo4,8.34
5u7l,6.37
4h5d,7.55
4i33,8.33
6g6y,6.66
5zla,4.3
4d2v,7.43
6ar2,6.41
5g0q,10.0
6abx,2.14
6qlu,4.64
4ktu,6.16
3c4e,4.0
4pgh,4.89
3jwr,8.07
4uj9,8.7
2vuk,3.9
3eu7,6.18
5x4q,7.11
5ka1,4.48
6d1a,4.35
1wdq,1.98
4gs6,7.15
2xp2,9.0
2jbj,9.7
3ole,7.83
5i9z,8.05
2kbr,4.6
2aj8,6.2
1gwm,4.1
4i10,6.77
4mds,5.21
2ay3,3.55
4bo2,7.3
6a9c,2.74
3eqy,8.05
7upj,8.49
4iti,6.36
3g5k,9.52
2vtt,7.36
5n3v,4.34
5w5k,8.3
5j4v,5.85
4whl,6.4
3e7a,10.0
4lbu,6.56
6euc,3.77
3sh1,7.39
5wf5,7.65
3o57,10.1
5d3p,5.13
4lwc,6.72
4zec,5.82
2e9o,7.7
4zt2,8.0
1e2k,4.94
4e28,5.89
1jlr,3.33
3o1g,9.0
3lq4,5.22
1jj9,5.77
5ka9,4.41
4c1d,5.36
5dw1,7.1
6omu,8.7
3eq9,7.39
1o2v,5.85
4pd9,3.33
5aqz,5.48
4qxt,7.8
1h35,7.54
4qj0,7.32
6ft3,6.42
4cjn,4.76
3u6j,8.21
3mvh,9.3
1g37,10.0
3iub,4.54
4jzb,6.47
3hk1,6.17
2fky,8.59
5i8c,7.6
6g6z,6.66
1jq3,6.7
6n87,5.66
5zo9,8.2
5o9y,5.34
1hsg,9.42
1b57,8.0
1gnm,6.25
4e3d,2.3
5ncq,6.96
5cf4,7.4
2v3d,3.94
4a9n,5.82
1way,3.4
2rku,8.3
5epr,4.04
5kls,6.71
4wh9,3.0
4cc7,4.33
6gg8,9.1
6ggb,5.39
2hyy,6.77
5wzr,7.29
2xhr,8.32
1gvu,9.0
3mi3,5.45
3q1x,5.33
1yrs,6.35
5mgl,3.3
4x13,3.3
4urm,8.05
2waj,6.4
3ncq,5.36
5edc,7.66
4o05,7.43
1azg,4.8
2gmk,3.23
1xur,5.18
5lvf,4.82
5orh,4.39
4xg7,7.49
5e6o,4.11
4z1k,8.33
1bim,8.92
5wo4,10.0
4c9x,7.32
6hti,7.01
5ngs,6.77
5evd,5.0
3ggc,5.44
1prm,4.23
3iue,5.82
2pgj,3.59
4loo,8.15
1ybg,4.8
1h8s,5.81
2ynr,5.77
2iw6,6.85
4z6h,6.21
6bgw,6.68
6i96,6.68
4r5n,7.12
4e8y,6.09
6pf6,4.74
4zyq,8.01
4ysi,5.7
2lya,4.19
5axi,3.92
6n3f,6.1
3tkw,5.27
3wkb,4.21
4z1e,8.24
6cwh,7.54
4zba,5.51
4dwg,7.24
5aa9,8.19
2prj,4.49
1c3i,5.8
6nvj,8.28
6nsx,6.64
5u0f,5.47
1nwl,2.39
4yw7,6.89
1bo5,3.6
4o0v,8.48
6o0o,7.44
6eln,6.05
3llm,4.74
6esj,5.68
3fmr,7.97
1n94,8.96
2h15,5.67
4bfy,6.92
4x9r,7.82
3ful,3.7
6i7a,4.26
2k3w,5.24
1ilq,4.89
5cfb,7.28
4jhq,7.74
1r0x,3.83
6fn9,3.55
2xae,7.3
1iiq,7.48
6d1x,5.2
3gz9,8.4
5yji,5.3
2vo4,4.94
4o12,8.7
5alb,10.71
6ib0,7.4
4onf,8.92
5zaf,6.78
5acy,8.19
4hvs,7.8
3vrv,10.54
3tcy,4.62
5n2t,5.08
5nyz,5.03
4jpc,7.03
1k08,5.34
5js3,6.73
2xk6,5.8
2g79,6.92
3ckt,6.32
6aol,6.27
6n3e,4.72
3koo,7.82
1nki,6.7
5j5t,6.96
6ufn,5.64
4jfz,7.15
3otq,7.39
4qlk,3.24
6e3o,8.7
3t01,4.48
6bnh,3.8
5aku,6.82
5nwk,6.57
2a5b,3.93
3m11,7.37
3mwu,8.05
1gt3,6.46
1xxe,5.41
1g98,5.7
3uvw,5.17
5k0f,6.07
4as9,4.79
3hkq,5.34
2ltw,4.22
4xtm,4.57
5g46,2.6
5i3m,7.4
5np8,4.62
4g0l,5.19
4cnh,8.4
1xos,4.7
4att,6.98
2h8h,8.57
1at5,4.19
5u0d,4.54
4xii,6.6
2nw4,8.68
5l2m,6.89
6f8v,4.8
6bod,4.26
3mxd,8.83
3bv2,9.36
5x9h,3.76
4rhy,5.95
3ig7,7.2
4oee,5.76
5oci,8.05
5t3n,8.04
2q2y,8.8
5cep,6.84
2ea2,7.8
5nzp,2.19
3gyn,7.21
6r7d,8.62
4mha,8.28
5tkd,8.15
2cf8,8.1
4q81,3.02
3b0w,5.7
2qic,5.48
5hfc,5.72
3e51,7.85
4de0,5.89
5tg2,5.49
4azi,7.45
5kjk,7.92
1bwb,8.42
1ikv,6.28
3ot3,8.3
3rf5,5.63
2w9r,5.32
6g9b,3.24
5ntw,9.22
3zm5,6.74
6ps6,9.7
3p2e,6.22
3p3r,7.25
1sw2,7.22
1cbx,6.35
4y29,6.25
3aau,5.05
5efc,4.85
2o4h,6.52
1o8b,2.68
2xdk,3.6
5alk,6.6
5mfs,6.48
1zd2,3.3
4k3n,7.96
5aok,2.7
3mxc,6.54
2pj7,7.77
2w08,3.42
3oeu,7.51
4r1y,6.4
4us3,5.32
2cle,3.55
6r8l,6.17
2oei,3.91
3mta,4.3
2uue,6.13
2duv,7.06
1ofz,4.62
5ugm,5.9
4uda,7.59
4hlf,6.06
5ou3,6.21
2wbd,6.64
2xrw,5.15
1o2h,7.17
4gj6,5.12
5kbh,6.26
1o9k,6.47
2eg7,5.89
4ln2,3.61
5uir,7.14
3lbl,7.44
4kon,6.48
4an0,10.7
4g34,7.93
6d1d,4.47
6ha4,3.97
2za3,3.68
4bdi,3.64
6ps3,9.78
2ha2,4.66
1uom,7.72
4l7n,4.84
1qf2,5.92
5uor,8.2
1bap,6.85
5svk,8.48
2f71,5.6
2w71,6.48
5j5d,4.68
3cpb,4.6
4qw1,6.11
2fle,7.85
4l3p,5.92
6czv,6.64
1tbz,9.8
1w8l,0.49
3bt9,5.71
6hhg,7.76
2i47,8.66
6n95,5.12
3mb6,7.0
5ccm,8.4
3o8g,5.13
2r03,5.15
4eop,6.05
1uyc,4.39
5jss,6.45
1uou,7.7
5ai5,7.03
5tzy,8.7
6dqa,6.44
5l2w,6.68
5q0o,7.61
5jrq,6.77
2zdx,3.19
4mvy,7.54
3zj6,6.66
1o0o,5.1
4ks3,6.37
6dl2,7.48
1qiw,7.74
5j2x,7.74
1gwv,2.57
1c5t,4.1
5xmt,7.58
1b8n,10.52
4ovg,3.69
1jzs,6.6
6c0s,7.05
1owd,8.2
1yq7,7.09
4wgi,5.35
3iss,6.05
5k0m,8.82
6sq0,9.1
1llb,6.05
2boj,5.77
1vwf,6.51
5t2y,5.66
5wxh,6.15
3f9n,5.89
5o1f,4.52
1rhr,8.1
3lil,8.08
5v2l,3.54
2pix,4.3
4oc3,8.28
4j09,4.77
4cfu,4.0
1z6p,6.05
6skb,7.7
2xwd,6.96
5lwn,7.77
2fzk,3.6
2qw1,3.9
6ke0,7.55
3ig6,7.6
1maw,1.1
6gch,4.7
5c2o,4.55
3umq,4.62
6idg,6.66
3dz4,6.4
6ift,4.68
5m9d,5.8
4z2b,7.76
4kxn,6.1
5ejw,3.3
4zj8,9.26
5ci7,6.92
6hhh,7.17
6jn3,5.16
5ddb,7.09
5t4e,5.36
2xa4,8.52
2j9l,4.0
2oxx,6.7
3mnu,7.32
5y97,3.6
5tqf,8.3
5gmm,4.54
5lz9,6.92
3ljo,6.62
1dis,11.0
5efa,4.83
1drj,7.4
5ka7,4.35
2pv2,5.91
6c5j,7.16
6ax4,8.22
5hg9,7.46
3o6m,7.48
3mpm,7.52
3p8e,5.15
3lxk,9.8
2kmx,4.08
1eed,4.79
2vwf,5.06
6hv5,6.49
2hw2,2.97
2chw,4.77
4a95,5.76
2nno,6.4
2afw,4.77
1fpc,7.0
1urc,4.72
4mr6,6.6
3oys,8.05
4d2s,7.7
4pmt,6.0
1ws4,3.0
2ych,3.0
2qhz,7.28
4qyh,8.89
4b9z,4.09
3k37,8.92
1dpu,6.0
2pwr,6.59
4mao,7.33
1bb0,8.36
5a6h,7.06
6upj,6.32
2w0x,3.2
4nja,6.22
4frk,8.1
5yjp,6.62
4i6f,8.3
4pl4,5.27
3buf,3.1
3m35,7.22
5f61,7.46
1s50,7.2
6b4l,6.47
2eh8,7.96
1ibg,8.55
5tyh,2.08
5x79,4.92
1n3i,8.89
3o56,9.1
5wgq,6.48
6mlj,7.26
4ehg,7.19
4nb3,7.66
5dms,4.53
2gvz,6.89
5n1s,7.99
3vuc,9.05
3e62,4.39
1sbr,5.0
6jb4,5.98
1uj6,3.05
3gvb,2.59
6iji,9.36
3vp2,5.1
6dyu,10.26
5odx,6.71
3atm,3.06
6hck,4.6
6h75,4.38
5mxq,5.72
1ai4,2.5
7lpr,7.18
2q2a,7.41
4u0e,6.92
1nmk,8.24
5c20,6.41
6grp,5.48
2p4i,8.0
5auz,4.01
1xuc,7.14
5tw2,7.3
5i29,7.82
5alp,7.07
5vqt,5.74
3ffp,7.14
5fdp,6.51
1lgt,6.1
5ouh,5.67
3hec,4.47
5f2w,3.98
6qri,4.82
5ij7,8.51
4wkc,12.68
5szc,4.69
4y83,7.77
1zxc,8.1
3tz0,5.04
2xbj,8.52
5yia,5.52
1fv9,5.0
5u6d,8.59
5ap7,6.29
3ttn,7.84
4ee0,8.63
3f1a,7.21
6q8a,8.01
4x61,9.0
3axk,4.15
5zhm,6.14
3ewh,7.16
5ea6,7.41
6rmm,4.69
1onh,8.21
2fpz,3.96
5wxg,3.86
1tow,6.24
4xkx,9.05
5ukl,6.2
5u8f,7.96
3spf,3.86
4pkr,4.82
1xt3,5.7
1uys,3.6
3chf,5.37
1kds,5.77
4m5h,4.54
1c3r,6.4
5am0,5.88
3rkb,6.42
1t46,6.43
2zu3,6.1
6ced,5.82
3mxs,5.01
4bid,8.1
6dq4,4.92
3lq2,5.22
2e9a,6.04
6mu3,6.15
3uib,6.8
4yne,8.52
3g4f,4.52
1w0z,7.68
1gai,8.0
2j87,4.85
3ga5,5.49
6fs0,9.77
2c1n,4.11
2wj2,8.33
6qcg,5.14
5uwf,7.23
5syn,6.62
1add,6.74
5nb6,6.3
5i40,4.86
1g6r,4.27
5w4s,4.03
4hai,8.1
5x72,6.33
6c67,5.92
4eox,9.55
1pr1,5.3
6ezi,5.31
3fjg,3.73
1ppx,7.28
4xsy,5.3
3irx,9.0
3juq,4.91
3haw,6.0
4mwy,7.05
2v88,4.09
5svz,5.92
4c38,7.76
3dx4,7.12
5w10,6.62
3vv6,3.8
4w9j,6.23
2z7i,7.0
4dhp,4.44
5a3u,8.32
1y0l,9.0
3d0b,6.54
1u71,7.48
4efs,8.6
4u45,8.0
5a69,8.96
5od1,5.96
5gof,4.05
6fgl,4.62
3oka,4.72
5k03,4.74
4nrt,6.0
6op9,9.28
5w0i,8.85
2qnx,5.62
5za8,6.29
3g3d,4.74
5h09,5.88
3zy2,6.46
4o97,8.52
3g9e,7.72
4hy9,7.1
1yhs,8.0
5vqy,6.29
2ojf,6.96
3hv4,6.51
6uil,7.1
1z4u,7.15
6exi,5.05
6fuj,4.3
4a4x,7.23
2i0h,8.05
5v40,5.8
3c6u,8.87
5tco,8.19
6m9c,7.25
2wxg,9.15
5kax,6.11
4bjx,7.66
5j8u,6.47
4h3f,9.0
6bbs,9.89
5x4p,5.03
2hqu,5.14
1o38,6.82
3s9t,6.82
1xhy,6.18
5k6s,6.26
6qgk,6.7
3bxs,5.1
4q3s,6.59
3b7r,7.7
3s2o,5.05
3v6r,6.15
4l1a,8.27
3mt7,4.03
5vp9,8.99
4ww6,10.21
2zz1,4.54
1f0q,6.0
4pre,3.74
3vap,8.4
6hay,7.01
6cwn,6.65
4jin,5.64
3p9t,6.2
3n9s,5.26
3ohf,7.03
4qsx,1.74
4j78,4.65
4riv,7.0
5t19,4.49
6d16,5.08
6p3w,6.26
6pg9,4.92
3l9l,6.78
6mmq,3.62
4x6h,7.66
2w47,4.98
1o4j,2.36
6hsz,6.94
2y8q,5.82
2hai,6.28
1dqn,8.0
5caq,8.57
3gdt,7.19
5fun,7.59
4kiw,5.12
2pll,8.3
2axi,6.85
1b8y,7.85
4g8n,7.2
4bdd,4.43
4db7,6.56
2jkt,6.51
5sxm,8.54
6bcr,5.26
6hgz,5.97
4la7,6.57
1em6,8.22
1ohr,8.7
4j03,7.59
3qxc,5.77
5l9l,7.1
1a94,7.85
5ttv,7.54
3ri1,5.3
4y3y,2.35
2pqj,8.2
1m5w,4.27
4uzd,9.22
5ta2,7.96
4b9k,6.17
5igk,7.38
4l6t,7.49
1uk0,8.1
5jy0,5.55
6fdp,5.26
5o5a,4.77
2am2,5.1
4lm5,6.82
3efr,5.08
1oe0,5.16
6n3y,5.44
5t4u,5.32
1k2v,4.44
6eab,6.37
5est,6.52
5f1u,6.4
4xoc,8.52
2er0,6.38
4qmu,5.89
4hg7,7.05
6q7w,6.85
2qyn,6.24
4o77,5.6
3lco,6.84
1o2s,5.47
1wbn,6.46
6gxb,7.46
6e2o,8.54
6exm,5.52
6npi,5.7
1akq,9.1
6fa5,6.75
5ee7,9.21
2liq,5.85
4cfe,7.22
2pqb,7.2
3tkm,9.0
5khm,8.3
3lcu,3.52
4hxs,5.39
1ejn,5.62
3amv,7.97
5m4i,7.89
6fo9,7.75
3vw7,8.1
6j3p,6.98
4g16,6.85
5c1y,5.9
6rj6,8.52
6htc,5.96
5nih,6.87
3wyy,8.49
4fqo,5.16
1vj9,7.55
3k15,4.92
3s3r,8.68
5z1t,6.2
3dbd,7.38
4do3,4.1
3jxw,9.0
5ar0,6.14
4b00,8.61
4fbe,6.99
4jne,5.86
6hm7,7.1
6g38,6.62
6bo6,7.1
5dd9,6.11
1rgl,4.43
1w6j,8.19
2ygf,5.09
4ayq,7.33
3m8p,8.68
5i38,3.42
1xp9,8.89
6mlw,3.74
6bir,7.52
3zcw,6.19
6s4u,7.76
5kbg,6.11
1q65,5.46
3q4k,7.05
3dk1,9.74
6eg9,7.17
6nzf,9.04
4yha,6.65
1p7m,4.38
3b5j,5.68
4o07,7.38
4crf,9.3
6fu5,7.5
1t3t,4.96
3tl0,6.59
4gu9,4.37
5lxd,8.5
1l83,3.4
1odi,4.21
4k55,5.51
3b95,5.15
4m5k,5.23
5jga,8.64
5t28,8.49
1fkw,5.05
6b1o,8.51
5flt,2.89
3pfp,6.44
6guf,6.65
4hu1,7.54
2oz5,6.48
2c4v,2.6
2ay8,2.24
1gx0,4.22
4uvc,6.88
4aoi,8.4
4p00,6.4
5eld,2.66
3msc,3.31
3pd2,5.47
6cck,7.43
1g3d,5.55
5ea7,7.96
6bee,4.66
3bm8,3.54
1guw,5.72
5ejv,6.69
6mle,9.0
5qaq,3.54
2c6i,4.96
4k8o,3.77
1fwv,3.72
4nzo,6.77
1hte,5.64
2c6c,7.52
3hfz,4.89
2xn7,10.0
4zhl,6.47
5tef,5.4
1f0s,7.74
3bra,2.7
5oug,2.77
5l6o,8.22
4j1f,7.92
1wbw,4.36
3iu9,6.62
5jas,5.77
1m5c,6.3
4ab8,3.87
4gy5,6.82
6huu,7.46
3uol,8.51
1puq,7.28
4ju4,6.47
3nht,7.01
6gu6,5.74
1zsr,9.82
3nu9,9.05
1o2n,6.09
1qj6,7.74
5jrs,8.4
1rtf,3.04
5d2r,5.82
4h75,6.6
4x50,7.75
4i0f,6.35
2l3r,4.66
3h5s,8.3
4n99,3.67
3pn1,6.96
5hlm,5.9
1n7m,5.71
5bry,11.82
1veb,7.41
4msu,5.85
5adq,5.7
4yes,8.02
4jn4,5.86
3gds,6.51
4idv,7.4
1hs6,5.38
4dpu,7.3
3kjq,5.88
4xx3,7.25
3l9m,7.3
4ybk,7.82
5ale,5.95
1njs,7.82
3q4l,7.26
4f7j,5.24
6dcy,5.46
3apc,7.44
3d1y,8.22
3img,2.96
3fzn,4.01
3zc5,7.13
4qwx,6.27
5hdv,7.82
2itp,7.95
1kti,3.43
3nzi,5.59
2q93,6.25
2ews,6.62
4lzr,4.7
4mk9,8.05
3nc9,6.48
4obo,7.11
3p5l,7.39
1o2k,6.92
4psx,6.47
5tri,5.06
5wg5,7.18
2rgp,7.52
2h44,5.77
2vgo,6.3
6nzm,9.0
6bt0,5.68
1oyq,6.96
5c4t,7.66
2ax6,7.57
5q0t,4.54
1shd,6.17
5ftg,6.15
4zt7,8.0
3slz,6.99
3du8,6.84
3hl8,4.49
4knx,5.49
4xy9,5.33
6cha,4.4
4w9d,4.99
6q60,5.71
2x4t,5.13
5jgi,4.3
5d12,7.37
6qls,5.35
3sv9,5.0
3dy6,6.9
4wvu,5.71
2vcw,3.05
6dgy,11.3
4pzv,5.7
2byh,6.59
1pxi,4.77
6eyt,5.72
4abu,6.28
5e8r,8.7
5h85,4.7
4qiz,8.15
1tg5,7.92
4ke0,7.77
3ert,9.6
4ffs,10.44
5hg8,8.52
1kpm,5.8
4tya,2.39
2y4k,5.46
1czq,4.54
6ds0,8.66
4ryg,8.1
5mkz,4.7
6g46,3.73
4rcf,8.4
5zqr,7.97
1h2k,2.92
4bpj,6.0
3e81,1.43
1v3x,7.62
4n8r,5.0
3tv4,6.96
2bvr,3.7
4egi,3.82
5w7i,4.95
6c4g,8.3
3tic,8.87
3upy,5.62
6dzq,7.37
1jij,8.52
3hs4,8.0
1mai,6.68
1ugp,2.89
6pii,6.96
4uja,9.05
3p4w,4.57
2pl0,7.21
4d8a,3.42
6t1j,4.74
5efh,6.1
6o0m,9.34
1bgo,8.46
3upf,6.7
2zva,7.96
5wgd,7.11
5ti2,4.62
6hry,4.0
4ps5,6.54
6mia,2.6
5t1a,7.89
2vle,7.1
4c5d,5.4
3isw,4.05
3wyl,8.85
5web,8.0
4og4,6.02
1s3k,6.62
4e90,8.1
4mh7,5.23
5q15,8.05
5ndd,6.46
5k8o,5.96
2xel,3.9
3nuj,9.39
3r00,5.07
5edi,9.52
4ncm,7.0
4pgb,7.48
5g22,7.0
5q0h,7.92
3adv,3.03
2qu6,8.52
3u3f,5.1
4ehz,8.0
2gh9,6.0
6mhm,7.54
2x3t,6.05
6bg5,6.0
3mhi,6.7
6e49,4.72
3udp,5.22
6uii,6.43
2qmf,8.52
3hmo,7.52
6o8i,10.0
4u5j,5.53
3g45,8.36
3guz,4.38
3gus,6.05
6bic,5.62
6prf,8.6
2ath,6.82
2pov,7.12
6hk6,6.41
4hvb,9.95
3qxd,6.15
6exs,3.44
4x68,6.57
4nxs,7.37
3hig,7.89
4hfp,7.38
6h37,8.59
4kb9,11.0
5m04,6.34
2bq7,7.05
1ax2,3.99
4ijq,7.52
6ffh,6.34
6df4,7.64
5emb,5.2
4kn2,7.27
4d85,6.85
5loh,5.04
4gv8,6.49
3a1d,4.12
5enf,3.57
1mf4,7.99
3dxj,6.22
1s5q,5.28
3heg,6.74
1qy1,6.52
4hcv,6.4
4bgg,7.82
1zrz,5.24
5oah,8.31
4o1l,6.7
3a1e,2.66
2lyb,4.46
6ooz,8.05
4zw7,4.72
4ayp,6.12
4hp0,6.12
4mz6,5.02
2imb,4.22
1dar,4.96
6do4,7.68
5q12,5.33
4muk,6.6
6cq4,4.85
4azp,5.9
3fql,7.15
4ngr,7.55
2gnj,5.22
4qz1,5.44
4djs,7.89
1w1y,2.62
3e7o,6.92
1xh9,7.77
2q15,7.96
5yy9,8.04
2feq,8.86
1zxv,6.1
5gmi,4.92
5mxv,4.92
2qd6,8.68
3wax,7.89
3da9,5.51
2o3z,5.7
4oq5,6.3
4crd,7.1
4jjs,6.7
3ipq,7.57
3rx7,6.03
6pg7,4.66
4ijp,7.8
4i2w,3.92
5dus,5.53
3u10,5.44
3u8h,6.49
5w5u,7.19
2v57,7.1
5mhq,6.96
6bny,6.4
5hey,5.66
6nzq,9.52
3k23,8.2
3bzi,5.74
3vhc,8.89
4fvr,6.0
3met,6.0
5hz8,6.4
3iiw,4.44
6e4v,6.29
5m6f,6.66
4bo4,6.89
4wuy,7.82
6pg6,3.7
4l7b,5.64
2vin,3.0
3f78,3.1
5vt4,4.35
3w2t,7.53
1k1m,7.4
5aqq,3.1
4g0p,3.01
2b1g,6.64
6gjd,7.66
3pj1,7.32
6alc,7.51
2aux,9.3
1hvi,10.92
5knx,6.1
6e5l,7.18
3kig,6.61
5bms,6.34
6ggn,10.1
3e64,7.11
4gb9,6.27
5h5r,6.21
2hny,5.93
4cwq,7.06
4fcr,9.4
6ap7,5.34
6kdx,6.53
6ugo,7.59
3nij,4.89
6nnr,5.07
4wk2,6.94
5j9f,7.23
5myg,7.51
3idp,8.8
5x26,8.3
5cgv,6.47
6c98,4.1
3rxh,1.8
4c1t,7.15
4bo7,7.0
5kns,6.12
5xhs,5.05
3qti,7.85
3nzx,5.17
4bgh,8.4
4ui3,6.88
3th0,4.12
4wk1,5.89
6fac,6.75
5nvv,6.7
4x60,9.0
3mg8,8.92
6e6w,9.96
4rcd,9.15
6eyb,5.37
3ivv,5.43
2c5y,6.6
1uu8,5.05
5a81,5.54
1iky,8.26
3zxz,8.4
2uzv,5.87
4mg6,5.62
6c2x,4.76
5icy,5.06
6pg8,3.85
5mlw,5.03
5lsh,3.39
2jld,10.4
6qra,6.15
5du8,5.72
2jg0,7.82
3lpk,9.1
6g36,7.79
5m4f,7.89
1dbb,9.0
2pbw,8.25
2f7p,6.6
3oc0,6.28
4mbc,6.4
4pyn,4.52
3qzq,5.64
1w6r,6.15
3che,5.29
6d1b,3.91
5u28,7.17
3el9,8.4
4yk0,3.74
6aej,6.15
6oxx,10.01
4ye3,8.37
3wym,9.52
2q7q,5.3
5jeo,4.8
6ays,9.19
3k5u,6.51
3i1y,8.15
1hmr,6.55
1aaq,8.4
2q2c,6.38
3jq7,5.92
5gn5,6.98
3o1d,5.74
5owf,5.8
4rj8,7.77
6c3e,7.2
6szp,4.74
3nfk,3.8
3nam,8.46
1j07,7.68
3fy0,5.96
4e5d,6.22
5ovc,5.96
2zq2,6.56
5obg,7.13
5lzj,3.9
2i2c,4.7
5mgg,3.3
2i3v,6.55
3v3b,7.26
3dz5,8.15
5v5n,8.02
6mul,8.2
5c1m,10.8
1moq,3.46
5w44,6.44
3o2m,4.8
4l7c,5.13
1w80,4.54
4kqq,3.9
5toe,5.6
5wuu,6.09
3hha,7.9
3kme,6.14
4ie2,5.35
4xhk,8.3
2gsu,3.59
5mat,6.24
6md7,6.74
6nxz,5.46
5y6f,6.85
4pee,8.32
6j0k,5.64
4gng,3.54
6duk,9.59
3b4p,5.4
6dz3,8.89
5b1s,3.91
2wqp,5.51
4m7x,4.8
5f3z,4.54
1v0o,5.26
5wvd,7.68
5k4j,7.11
3blu,3.46
3kdb,9.85
2wa8,5.42
6qxs,7.13
4y3j,2.17
5awj,9.68
4z2j,6.43
2yiq,7.9
6fyi,6.7
4qq5,6.32
4ms0,3.39
6b41,8.48
3wtn,7.04
6ami,4.52
3cda,7.58
1yt9,8.3
1no9,7.62
4ql1,7.03
1hlk,5.0
6f5m,6.3
3lok,6.92
4yyt,6.38
5ows,8.0
5myv,7.51
1ur9,5.77
1erb,8.1
4lkm,6.34
2f3e,6.81
1s9t,6.82
4gs8,7.0
5hbh,7.31
6oip,6.92
3pwh,8.72
6mdd,4.33
6ela,7.59
4kqo,6.78
6fg6,3.4
5egs,6.01
5swh,7.59
5hfu,6.89
5lli,7.05
3ahn,7.05
6ohu,6.78
5q10,5.2
1rri,5.82
2v10,9.4
3fxv,7.03
4xwk,4.63
5l4i,6.59
4zom,8.52
4c1g,5.14
5j71,6.96
1wvc,4.46
4xm8,3.02
1z3v,4.11
4k0y,7.82
1h0a,5.44
1lxf,4.1
4k66,3.26
4ret,7.59
4lh3,1.52
2uzj,4.57
4xqu,6.07
4j47,4.92
2eg8,4.5
2z1w,4.08
6evo,5.17
1r2b,4.94
6gl9,6.87
2v7d,6.59
4bkz,7.57
1o43,5.66
4pry,7.7
3q6k,8.37
2b4l,4.77
3rzb,4.0
2qnp,6.41
4kom,7.0
3eor,1.4
6fr0,6.84
4wph,5.8
4lkl,6.09
5l3e,6.18
3ur9,6.31
4wmu,6.74
4bqx,6.52
3sji,5.69
6ne5,10.52
1qaq,4.74
4yrg,2.7
2vl1,1.35
6a30,4.89
5a5q,4.68
5t1u,7.16
6erw,5.36
5dp8,6.36
3t3u,8.6
6ocu,8.05
6qfx,7.7
6nvi,8.59
6nk1,6.66
1w22,6.76
1m2p,6.11
4b6c,6.16
4ci3,6.81
6ijh,7.17
3wcl,6.59
5t90,6.68
4u6y,7.08
2w17,8.7
4yuy,3.34
5d1u,5.96
3e73,3.15
1pzi,4.22
3c3o,4.36
2hxm,5.22
3n4l,7.23
6h51,6.87
4hyi,8.52
4yqu,6.66
6aaj,8.3
6ten,9.77
4xdo,4.08
1ph0,6.92
1aze,4.22
6abp,6.36
2p8o,4.85
3vjt,5.39
2xdm,7.49
4oru,3.68
1xom,7.96
6fhk,7.51
6dd0,5.48
6s88,6.17
2uzd,6.74
2b52,8.1
3ug2,8.25
2qki,6.41
4qgh,9.0
5xyy,5.04
4tmk,7.7
3n6k,6.74
5oku,6.26
2ohl,3.05
3t6r,5.66
5zah,7.28
4iax,9.56
4c16,4.96
5b5p,9.7
1nxy,7.19
5fd2,7.05
2iwu,5.92
5ajw,6.98
3mwe,1.54
2fgh,6.55
3qi3,3.78
4dgb,3.89
5o1e,4.48
1hxb,9.92
4bbf,8.66
5wuk,7.85
4e1e,6.31
2iu0,6.89
5lkr,5.48
5jid,3.76
3mmf,7.43
5acb,6.8
5bs4,11.0
1ybo,3.8
1mj7,8.35
1t7r,5.96
3pa8,5.75
5tdb,5.84
2wxf,6.74
6f1n,6.26
1hiv,9.0
5sz5,7.7
5al2,6.44
5hn0,3.7
4pyv,6.7
4zij,3.25
3l7d,2.18
6bm5,5.84
5y1u,5.12
4j8m,7.32
6f90,6.0
3uvn,6.59
5owl,5.92
6mdq,3.44
5ohi,8.47
5f9e,9.34
3atp,4.45
3zyr,5.34
4mnv,4.94
1a37,6.92
1h24,6.3
2w6p,6.48
5zwe,8.96
6nzt,10.2
6i8z,7.8
6hvv,6.67
4txe,5.62
1jif,6.2
2a3i,6.05
4gtt,8.22
5jmw,6.76
2v87,4.6
4pv5,6.54
6o48,7.12
5q0r,4.57
2it4,1.62
5gwz,4.71
6glb,6.89
2fl6,7.42
2vtp,8.52
1xoz,8.92
1my2,7.77
2hha,6.91
4pl0,4.4
2vwx,7.4
4yab,5.07
1o4l,1.4
2gvd,7.0
5w4e,6.46
5zyi,7.07
3s2v,6.8
6msc,7.68
4q1s,4.17
6s4n,6.79
2vnf,5.52
4ui7,7.36
3wns,5.96
3ip5,6.22
5msb,7.46
6jn6,7.15
3uii,5.0
6e5b,8.66
3jyr,5.54
6ea2,6.55
4bv2,3.74
4qk4,6.6
5nib,7.72
4qr5,7.22
6apt,6.05
3ocz,7.46
4qfs,6.05
4hv7,3.52
5cvd,6.41
3iit,8.02
4x7q,7.85
4rsk,4.32
5wac,7.42
2j95,8.4
2y7k,4.93
6drg,6.92
4dst,2.96
6eqw,10.65
5jgb,7.89
1it6,8.39
2flh,3.97
4wvt,5.31
3cqw,7.38
4ou3,4.41
5hu1,8.66
6jmf,8.59
2g96,4.28
5ajy,6.3
2w16,10.0
1pwq,4.96
5jaz,6.55
6nfn,7.7
2h96,6.64
6au5,5.57
1bxq,7.38
1o4a,6.92
2yhd,4.64
6ffs,7.2
3e37,5.39
1ms6,9.52
3hy9,7.77
2i3i,7.3
1x11,6.49
5n24,8.92
3vnt,8.66
4v05,9.7
6fsd,4.24
2jal,4.82
1xnx,6.38
4alv,8.15
3ay9,8.34
5aol,2.32
3sx9,8.89
6gjj,3.7
5w8i,6.82
3ips,7.19
4za0,7.21
4mvx,7.24
5wyz,7.68
4ynk,8.3
5ia2,7.72
5nk6,6.8
6i8m,7.8
5kcx,6.7
6m87,8.1
6poi,3.49
6ayr,8.39
2wmx,6.07
4p4t,4.39
1fcy,8.52
4zly,5.46
5k0s,8.22
2p8s,7.68
4tpk,8.57
3vi5,5.68
2nn7,6.52
6hp9,8.25
1c5q,6.36
6arj,7.6
2fie,5.46
3olg,7.84
4o0y,7.22
5n1y,3.22
2wtj,6.15
5lhu,4.66
4mr5,6.6
1bky,3.84
5ttu,7.33
2qu5,8.06
2doo,7.17
5ylt,6.39
6hqy,6.44
3v04,7.89
4kmu,7.92
4jve,7.07
6as8,7.05
5nw1,6.6
1a8t,5.8
4w9g,5.26
6r0s,4.4
5g6u,6.66
1kmv,6.95
6ilz,6.47
4uiu,7.9
3s9e,5.13
3deh,6.83
3l17,8.28
3omm,7.43
3sur,4.15
1qxz,4.72
2hvx,7.54
5fqs,7.36
3d9p,4.54
5jox,4.46
3gs6,6.59
1fpi,5.89
6fvn,5.3
6g0z,5.32
2am9,8.41
4kxb,4.12
4e1k,6.3
5qtt,8.47
3ouh,7.1
6dak,5.14
1xoe,7.39
5va9,7.84
3g08,8.16
3pa5,8.7
1v2s,4.17
3dda,3.88
1pq3,7.52
2a4l,6.4
4ovh,4.85
4an1,10.26
6gpb,4.85
3sdk,6.8
4ztl,5.92
3h30,4.53
6pek,6.52
6hlz,7.33
4d1s,7.66
5hh6,6.4
3b78,4.1
5eko,4.8
6ugq,7.55
4w5j,7.24
4ymg,4.68
2osm,6.2
4at3,8.4
3w9k,6.32
1h6e,6.15
2r9b,6.57
5m7s,9.05
2e7l,7.54
3bl7,8.4
6beh,4.09
1lev,5.6
5iaw,4.81
6gzd,8.01
6asz,4.72
3f5j,4.28
1g3e,5.38
4zzy,5.6
2jbo,8.07
2w0p,6.52
2nsj,4.79
6afh,6.12
2q9n,6.37
6ck6,9.0
4m5g,5.01
4w9f,5.49
3t8s,8.55
2lyw,4.52
5jiy,6.27
4nzn,6.38
5e4w,4.64
2wo9,7.21
4rh5,6.9
2b1q,1.59
1o6r,7.1
4kn4,7.24
2rf2,8.44
5vio,8.62
4b80,4.4
1zdp,5.74
3ckb,2.98
5voj,8.44
1ype,8.1
2c6n,6.88
4z2l,5.85
3jqb,6.02
5aux,5.0
5w1w,5.52
6oh3,3.32
3juk,4.89
4ngp,7.96
4inb,6.05
1wn6,4.68
3hwx,7.86
5kqd,6.3
3src,3.89
5lhi,8.11
4cjq,3.59
4mrz,3.52
2pe2,8.4
4af3,7.51
4wnm,7.59
3ft2,7.36
2c5x,6.6
3u8m,8.89
5f1v,6.85
2bt9,6.19
3t83,6.98
6d8v,5.42
6mep,7.35
5dex,7.65
3kry,10.0
1zyr,5.74
3elm,9.72
4qr4,6.6
5n9n,9.39
2oxd,6.82
2c8y,4.0
3q7p,5.8
4jt9,8.14
6ert,5.23
3vgc,5.51
5lyh,6.31
5lch,4.69
6qfq,7.1
4luo,3.24
5ndb,4.66
1eas,7.74
3lhj,9.51
4emf,7.08
5dtt,3.51
1urw,8.52
6a94,7.4
6ftz,3.0
2pjl,6.72
1o48,6.35
223l,3.4
2ivz,6.04
4tyb,1.7
6fag,6.59
2xl2,5.25
1we2,4.36
1t4v,7.68
6hgi,6.22
2b54,7.7
6e7w,6.52
3hfb,7.52
1r1j,8.64
4b7p,9.46
6cef,3.74
4qhc,6.7
4yv1,3.08
2ra6,4.52
1qft,8.77
1k9q,3.15
3ezv,5.98
4mgv,7.12
4cpt,7.7
5jek,3.98
6oz6,7.28
6fba,4.7
4mpn,6.62
4hvh,7.72
2pnx,5.1
1o2t,7.85
2z5s,5.66
4xqa,4.99
2avs,7.57
4a7b,7.4
6die,3.13
1jmi,6.06
2hzy,7.39
6c3l,4.44
6jib,5.8
6c0t,7.37
3ot8,8.05
4bt3,3.12
4rac,7.52
2q88,5.8
2w97,0.96
5orx,3.51
5ho8,5.96
1q54,5.85
3ljg,7.73
2bvd,6.0
2k31,8.7
4c6x,3.76
5o4z,6.07
6dtn,6.8
5vm6,7.11
4iho,5.1
2hnc,7.22
4aoc,4.27
5a3w,5.82
3ieo,6.48
3d9l,4.17
2w1h,7.28
3ny3,4.71
4zy2,7.22
4p6e,5.89
1qtn,7.3
3tv6,8.32
6gu3,5.36
2ltv,5.16
4rdn,5.92
3u2k,7.52
2fzg,3.38
4du8,5.37
4wzv,9.37
3dct,6.95
1nvr,8.11
6hk3,7.5
2xk9,10.15
1h8l,7.47
5mka,4.31
1qnh,6.06
5cr7,3.1
3zmz,4.74
6qmt,6.92
4aif,4.84
2xni,7.37
6o8u,8.28
2ima,6.52
5jau,8.85
6bik,8.19
1k6c,7.48
6dcg,8.15
4ds1,4.75
2itk,7.69
1b2i,5.51
3run,5.44
6e9a,11.92
4riu,7.3
5ant,6.36
5mi9,8.35
1bmb,6.15
2o9j,6.92
4olh,8.3
3iph,7.6
6htt,6.66
1ga9,7.08
1me8,7.19
2c6m,6.46
5ux4,7.05
2f2h,5.7
5dt2,6.82
4lq9,4.85
1rm8,9.0
2toh,4.15
1f7b,4.6
1rdt,6.7
3luo,6.95
6b7h,9.03
5dyt,7.6
4azb,7.24
4e3b,6.05
5fol,3.67
3wf8,6.63
2ohm,3.51
4r3c,7.0
5k0c,5.96
4b4n,3.44
6nsq,8.1
3s5y,7.41
3qci,5.42
1a4q,5.44
3dpo,8.26
3egk,4.66
1jn4,4.95
4zyc,6.42
4ccd,4.49
1xlz,6.02
4y2t,3.82
5vyy,6.21
1e6s,3.22
6byz,8.37
6b98,4.65
4esg,5.56
1oit,8.52
6ma2,5.39
6ccm,5.25
2b8v,7.01
1uy8,4.12
3poz,7.64
4q4p,6.39
5h8g,10.32
3gb2,7.47
4ys7,9.0
1gt4,6.52
3rxf,2.6
4pte,7.13
2y34,7.1
1zkl,5.09
5btr,5.14
4ibi,4.14
5ni7,7.7
2zdk,6.37
6f6s,2.89
6e7r,6.83
5am2,5.01
5gsa,7.09
6fyk,8.52
3v1r,7.68
6aqq,6.55
6max,4.87
3r17,6.41
1okw,5.25
6da1,5.05
4rr6,6.0
4o4k,3.7
1kll,5.2
4d88,7.31
1rsi,4.42
6hbn,6.22
1y2g,4.08
4a4e,3.32
1mhw,7.35
5j20,9.14
1uh1,5.48
5nhf,9.49
3vw1,4.67
4p6w,9.15
4ozl,4.97
5zhj,5.0
5u11,5.35
2anm,8.74
6gxu,3.74
4wh7,2.3
6df2,7.24
3qkd,8.38
1dzp,5.44
2cv3,6.57
4puz,8.11
5vil,8.82
3dga,4.52
4dy6,4.4
1wzy,6.25
6e6m,5.75
1ok7,5.92
4hni,7.49
5u66,3.0
2xp6,4.7
6ary,7.6
3bvb,5.49
5t9z,7.19
3q71,5.22
2x4o,4.77
4okp,2.7
1fvt,7.22
5a2j,5.85
3zpt,8.51
4hco,4.32
3fqs,7.39
3qin,6.87
3in3,7.22
4aac,8.17
1ahx,3.92
6ny0,5.4
5lqf,6.6
6b7e,4.55
6h7f,6.12
5vsd,7.24
6hgs,3.77
4og7,6.94
3e4a,8.77
5vsb,5.12
5yg2,6.89
2r6w,9.36
4j3i,5.74
1n4k,10.05
4n7h,5.48
3qkk,6.52
4q1e,8.17
6qyn,7.62
4iuo,3.64
2oxn,7.44
6fng,7.14
5khj,3.74
1uz4,3.4
1qj7,8.1
3g30,2.51
4bj9,7.35
1stp,13.4
5gja,5.55
6q9l,8.41
3m56,4.15
5zqo,7.71
3bls,5.14
4b13,5.7
4yqh,8.05
2etm,6.67
3g4g,9.04
6sal,6.58
6ugz,7.72
5iok,5.02
2isw,7.43
1o3g,7.96
1c3e,6.59
4oth,8.05
2igw,1.31
6cbh,6.29
4zh4,4.22
1qbt,10.62
2cni,7.68
6r1c,4.92
4rn2,5.82
4n7m,5.47
1xap,8.7
6rr0,7.15
3rhk,6.26
2qzx,8.22
3f7u,6.61
3k5d,7.28
3muf,6.49
4uia,6.72
1h0w,4.89
4lno,2.62
6cqf,8.35
1nz7,7.12
5dqe,3.63
3krw,7.38
4jfe,4.51
6cer,5.36
4mgc,6.32
3ioc,3.68
1utl,2.47
6bg3,4.92
4gk2,8.8
3ti8,9.05
1szm,5.53
3e2m,9.4
5wlv,8.52
3cst,7.41
6ng0,8.19
3zya,7.0
5o0a,3.24
3elj,5.3
3txo,8.05
4d3h,6.43
3bb1,3.6
5ml5,8.0
6r0x,8.7
2k0g,6.97
4nie,7.7
4omk,4.4
6cpa,11.52
6q5b,5.89
5im3,5.82
1vja,7.7
4gpk,7.52
6pl3,8.52
4x5r,7.85
3hxb,5.39
3wbl,4.64
3nk8,3.0
5fkj,10.66
6db3,7.25
5vd3,5.55
4ncg,7.96
2cbr,6.85
3kid,3.18
3b25,6.07
4bzo,7.89
2qwc,3.55
3tv7,7.52
3d0e,8.4
4uxb,7.96
1m13,7.57
1xud,8.1
6s5k,7.32
1i33,4.12
5t70,3.99
3mna,7.39
3ctq,7.4
4csd,5.91
1ke8,6.0
6os5,5.36
5l3j,6.64
1gi1,5.47
5dah,5.3
1rhk,9.11
5fat,6.96
6bid,5.54
4cmt,9.7
4jjg,8.7
2w3k,10.1
6mmc,3.61
2f35,5.4
4tkj,6.04
5mjb,8.52
4y5s,3.73
4urk,5.96
1b32,7.1
6e5t,6.55
5c1w,5.06
5w7x,4.1
1v2p,4.73
3gxz,7.89
4cc3,4.14
4uil,7.24
3avf,3.53
5t6f,5.8
3uvk,6.8
5h9r,6.08
5amg,8.22
5ok3,3.52
3kqa,4.85
1b5i,7.05
5n8e,5.33
5jm4,7.42
4o5b,8.3
6htr,7.96
4h5e,6.07
5aom,2.9
4q4o,7.46
3ecn,3.16
5hj9,5.85
2i19,7.8
3avl,4.18
3mrx,3.39
2lgf,5.57
6bqh,9.8
4e35,4.62
3s72,6.4
5cy9,6.66
5c29,6.06
6gy1,6.3
2qrq,5.1
3zsq,4.96
1wum,5.29
2jsd,7.77
5l2y,9.85
4jfk,6.44
1nhv,5.66
2ydj,8.3
5vo6,9.05
4sga,7.3
1wc6,4.0
4uu5,5.04
1q1y,7.7
4lv4,5.0
2cbs,8.22
1cj1,8.8
3twd,7.74
3l0n,2.77
1abt,5.85
4rab,7.4
1ule,5.92
3igg,7.18
3p3j,7.92
6bib,5.8
3p3t,7.24
3kdt,6.59
5eyk,8.52
4g17,7.54
1jk7,8.52
1k1y,3.22
4f3i,7.44
3unj,4.96
5kq5,8.05
2wbb,6.04
6axl,7.11
1g9b,5.3
6d3q,8.47
1azl,8.62
2ez7,4.36
5agj,6.15
2ow1,9.0
6hax,7.59
4q90,2.15
2ooh,5.89
6ic5,8.22
4rio,9.0
3aox,9.08
3l4y,7.0
5dtw,5.46
6qtm,5.25
4e3k,9.1
3di6,7.0
3wd9,8.08
4ge1,6.43
3r9o,4.0
4cjp,3.32
3kqm,3.77
3rsr,4.36
3zdv,5.48
2q8z,5.68
6eks,3.84
6q8k,6.54
6er3,3.24
5em5,6.58
1ony,6.77
3tfp,6.47
4q3u,6.44
2fyv,3.52
2rfn,8.3
2op9,5.66
6n7c,9.17
3srv,7.5
1fzo,7.89
6rsa,4.4
5hcv,8.7
5khh,4.31
3s3o,7.57
1jbd,6.92
4d89,8.7
4odq,4.47
5w6e,8.04
6b16,7.49
5vdv,3.7
2xas,5.89
5cp9,3.51
5t8p,5.89
1g27,8.15
4uru,2.22
2zoq,6.05
6dy7,4.18
1cet,2.89
5j1x,5.52
3mv0,3.85
1swp,11.0
1o3e,7.96
6ar4,6.24
5drc,5.98
4er4,6.8
1ugx,5.91
4d2d,3.47
3fl9,1.11
4pci,5.12
5nw8,4.0
4po0,6.92
5vcy,6.57
5f2f,6.92
6hah,4.81
4ui6,7.06
3snb,4.38
4j0r,6.41
5dqf,3.6
4jv6,6.66
4s3e,6.11
6p1l,8.7
6jsg,8.34
4e3g,4.97
4uyh,6.3
6f6u,4.8
3vf7,9.1
6n9t,4.15
4j86,3.77
5v8v,8.89
4c6v,4.59
6me4,9.92
6r8o,8.22
4m5u,7.96
1b9v,3.65
5a6i,7.25
2e9v,7.9
1hpo,9.22
6ekn,6.29
3tz2,5.24
1y3y,5.64
6b7a,4.49
4rd6,6.28
2w85,5.04
4y38,2.4
2oym,5.0
4yyn,3.96
1dmt,8.7
3pj2,5.14
6htp,6.8
5v84,6.7
5n17,5.32
2gkl,5.35
2i4x,11.72
2o9i,7.4
5l0c,6.15
3ce0,6.15
6p1d,7.41
6h5x,10.82
1qhr,6.89
4ucd,4.0
6eaa,6.09
6h7z,10.12
6h9b,5.7
1tng,2.93
3r5t,8.58
6qr9,6.72
3wqm,6.25
1tu6,9.08
1tyn,9.7
3aqt,6.72
4ejn,8.3
4nah,6.31
2qo8,8.47
5hz6,7.8
3atv,5.34
4dt2,4.37
5etn,5.37
5eml,7.64
3arw,6.15
5u7k,8.15
1zz2,5.22
5hng,4.03
4og6,6.71
5abp,6.64
3t0t,7.04
6qlp,5.28
2rcb,6.79
1gah,12.0
4bfr,7.64
2a2x,7.69
4trc,4.52
2pyi,3.75
3buo,6.06
5km5,6.92
4mc2,8.19
6fym,5.07
4lh2,1.24
2l1b,3.96
4o2e,8.0
5a7c,3.74
2p53,7.46
5wjj,6.62
4lp6,8.27
1kzn,8.92
3ow6,6.66
6dj5,8.14
4ud7,8.13
5mlo,5.32
3pb7,5.74
3v5t,8.22
2lh8,4.18
1sje,8.22
1rdl,2.24
5c7f,3.98
4ec0,6.07
2rny,3.66
5l13,6.96
1gj4,4.07
4ejf,5.1
1tl1,6.42
3rpr,4.0
5opu,7.28
1v0n,7.55
4efu,6.6
4hla,10.8
6afi,6.2
5mwo,3.21
4cj4,3.36
5z1c,2.86
4lpf,3.51
4blb,5.35
5unp,10.02
4hxj,4.13
5wqa,7.96
5ugc,7.89
5mme,5.85
4wrs,9.4
1j01,6.47
5jbi,6.92
3ehn,1.92
3stj,4.8
6oa3,6.4
1fkf,9.4
6hq7,6.11
4pf3,7.29
7kme,4.4
5thi,3.61
2p7g,6.53
1i48,5.7
1mkd,6.8
2ff2,8.21
3b9s,5.3
5btx,3.55
4og3,6.55
4f5y,5.43
2vf6,8.52
6dtw,8.26
6eq3,6.15
1ksn,9.4
5vb9,5.89
4hpy,9.92
2x52,4.24
5jyo,8.52
3m6p,8.35
5nge,7.19
3ftv,2.93
2zx8,9.64
5e73,4.64
2gg7,5.76
6iht,5.21
3tib,6.89
1q91,4.15
5ea3,8.77
3pb8,5.24
1o33,5.74
6n7a,8.37
5agi,4.34
6mm2,5.41
4ks1,8.82
2gzl,4.82
5ntt,5.75
2x4r,4.77
3g2k,4.79
5yyb,6.56
4iur,5.58
4erz,7.06
4u6r,7.85
3sz1,4.66
3kwj,9.3
6aaq,2.41
6m95,6.85
3o87,7.6
2on6,6.76
3d9o,3.0
1uwb,8.34
1ikx,8.15
3of8,9.22
4cd0,9.7
4mw2,6.7
3m3c,4.06
1ctr,6.0
3nyd,3.48
6r1w,5.3
6mh7,5.74
5etj,10.18
6bix,6.51
2cng,6.96
4bqs,4.21
3krl,9.1
3rm9,4.77
4i9r,6.95
4xm6,4.05
6b8j,8.3
1a4r,6.66
6j3o,5.62
3mam,4.12
5f27,4.0
6a04,5.21
2h2e,3.0
1j7z,7.7
5ne1,8.28
5q0q,6.11
4qvn,5.1
5xg4,5.15
3oyp,8.7
2v8w,6.82
3jzc,8.53
5wxf,4.48
5m0s,6.69
3pjc,7.57
3n5k,9.7
6eyz,8.1
1h6h,5.3
4uu8,6.54
5ous,4.0
5dhf,5.66
5arg,7.57
5mm9,6.42
4rd0,6.62
1o6i,3.19
5e3d,4.02
1gar,10.0
2y2p,4.7
5wl0,9.17
6i5i,8.05
5lm4,3.88
5z4o,3.28
5k8n,6.32
2qi3,10.2
4ppa,9.1
4rrg,2.81
5fsl,4.62
5zo8,8.2
6qwa,6.59
4jaj,5.26
4uce,3.17
4yht,9.22
3w37,5.18
4wnp,8.1
5ai4,3.47
3skc,8.8
3e6y,5.6
4auj,7.74
3v8t,9.52
6axk,6.52
3tu1,6.6
3m17,7.4
3qkv,7.44
4qwl,6.18
1m83,3.4
4jss,3.3
2fzz,10.52
5npb,7.09
3uda,5.01
5w13,7.66
1g48,8.41
5ab1,5.42
1juy,7.66
2x8d,6.1
5gub,6.2
1epq,8.19
4ibe,4.15
6h7j,8.62
6fnq,4.59
4feq,5.96
4auy,7.74
6f7i,7.85
3vtr,5.57
2jdt,6.77
4b3b,3.6
2vxa,5.6
3ha6,5.68
4hnn,5.7
3gen,9.14
4men,3.9
4hso,4.66
3skg,8.1
2y07,6.22
1wht,3.7
3s77,7.21
1fq5,8.4
1km3,4.91
3q44,6.31
5jyy,8.1
2zz6,6.72
1rne,8.7
5wkf,3.87
3pax,5.0
6ipj,5.79
2qi5,10.85
5tqs,5.86
4ge6,7.47
3kqc,8.66
3f81,7.13
4mrg,2.96
4qmx,4.96
3cow,6.9
3m6r,7.49
3oay,1.7
5tq4,8.38
5thj,2.87
1qyg,6.85
1oiu,6.68
2fda,6.3
4dsu,2.82
4o0r,7.44
4wkt,3.26
5l7e,6.6
1uy9,4.82
4oar,10.42
4yc0,4.13
2lha,5.19
3jzp,6.6
1thz,5.15
5agr,5.43
2cnf,6.62
4eqj,5.6
5l98,3.31
3oy8,3.66
3pma,5.4
3e9h,7.55
6nzv,10.17
4mbp,5.64
1ero,8.23
4tt2,4.66
1jmf,5.77
5cqx,5.33
6cgp,7.12
1nde,7.82
6phx,3.32
3c7n,6.7
3omc,5.0
3djf,6.1
2wf5,6.0
6a93,8.16
1if8,9.64
4jgv,6.57
3lw0,6.4
4p5z,7.41
4zcw,7.37
1qq9,2.06
4f3k,10.16
3tiy,4.77
3oad,9.62
2va6,6.17
3th8,6.25
4k3m,3.55
4m5i,5.17
3cs8,5.77
3sus,4.15
3elc,2.69
4nw5,7.7
6fse,4.74
4q0a,6.48
2ow7,4.85
5yl2,4.5
4hmh,6.21
5div,6.85
4uj2,7.1
4mww,3.67
5w3i,5.8
5ier,4.89
4r5v,6.15
4l23,7.75
6esn,8.05
5ceq,7.38
6hm4,5.67
5aia,5.2
4b1d,7.49
3mtb,4.63
6aqo,6.11
5ahw,5.17
2cmc,5.76
1ew9,3.22
3r92,7.02
4z6i,6.31
5gwy,4.95
5eyr,5.3
5o5f,4.3
5v83,5.16
5j3v,6.98
3su1,6.68
1fwu,3.7
4z8a,4.76
3fi2,7.6
2zxa,8.35
3fvg,6.89
4ufl,2.64
6e4a,7.36
4xyn,5.89
6bgu,6.28
2fs9,8.52
1mcz,3.0
5nwe,4.88
2n9x,6.4
3iof,5.22
1cil,9.43
5mi3,6.84
1m7q,8.59
6iin,6.08
3b3c,3.98
3uig,5.32
4py2,6.57
4rvk,7.87
2j4k,4.85
5zef,1.75
4qwu,5.51
5edl,8.35
1tkx,7.54
1hlf,5.64
2p98,6.19
5k76,8.3
6g02,7.62
3hio,6.52
4pkt,4.83
5k4z,6.15
3f0r,6.89
2wgs,5.6
6m7h,4.7
4a4f,2.88
3ekp,8.89
2bes,4.24
1gi4,7.19
1hi3,4.19
4zw5,4.43
1qb6,6.06
4gjd,8.52
3l08,10.22
3zpq,7.17
1yds,5.92
4e6d,8.92
4btw,7.15
6htn,6.07
6e6j,8.1
5ts0,7.8
3fmq,7.95
5izq,8.52
5zgg,5.0
5mys,4.3
6pi6,5.66
5gv2,5.65
2xkc,5.59
5ct2,2.92
3b7i,5.82
4u7t,5.67
4lko,8.22
4awg,5.96
4pax,6.4
1yid,5.0
5xg5,3.48
5l6p,7.26
1fv0,5.93
5jhb,6.06
5kbe,6.34
4ndu,2.74
5j6n,7.77
4mf1,9.15
5f62,8.17
3dg8,4.7
3arr,5.4
3ns7,8.33
6oxp,11.0
4app,7.19
3uo9,7.1
5awt,4.52
6h0u,6.77
4u0n,5.77
6gcr,8.33
1thr,5.38
1sr7,10.1
1bnm,10.0
6r9u,2.12
1v1k,4.46
4b70,5.2
2b53,6.22
1m7i,5.4
5aiv,6.19
1hps,9.22
5fah,6.15
5ta6,8.82
4q3t,6.48
6dji,2.51
6ayq,8.19
2xej,8.87
5orj,4.77
4tmf,5.48
5idp,7.35
2qg0,5.72
3p7c,7.66
6e92,7.46
3kad,5.12
4cpr,7.46
2o48,6.01
4yx9,5.35
4pop,8.13
4yad,5.6
3hub,8.09
3l58,8.1
3nf9,3.54
2evl,6.7
3r22,7.77
2rox,4.98
1e3v,4.34
6cd5,6.81
6fmn,5.95
4j4o,6.9
1ro6,6.46
1vyq,5.3
2f6z,5.32
1pi5,7.77
2vtn,6.07
4gj7,6.77
5e1d,5.39
2wzx,6.0
5usf,9.16
5hed,4.44
2wqb,6.27
4fri,5.55
3p2k,4.7
1tps,8.0
4zlz,7.0
1abf,5.42
2x6e,7.82
4kza,3.7
6j63,8.19
5ads,5.67
5tzh,6.17
1bju,4.8
3k9x,8.4
1q6n,7.64
4ww8,10.17
3pgu,6.7
5otc,4.71
4b32,3.34
1nf8,7.82
2hwo,6.9
4k7i,2.82
2xei,10.62
4bdk,5.44
4k5y,8.17
4j0y,6.36
4a4l,7.82
4z7i,8.11
1mu8,9.0
5ekm,6.32
2i1r,5.01
4exh,6.15
2ycm,3.56
2gdo,9.49
3sfh,7.05
3dnj,6.82
1x7q,6.73
5c26,6.77
5t4v,7.22
2rok,4.35
1e9h,7.46
5ni5,8.05
1b0h,6.7
1f40,6.0
6hgy,8.52
2gfd,6.28
3ij1,4.7
3qcx,7.2
5lgs,7.06
1ujj,6.1
5he2,6.89
5mg2,7.77
1wxz,8.07
3f7b,7.19
3qcy,7.7
3cp9,7.32
2xp5,3.44
6g28,3.64
5njx,4.15
3s4q,8.4
2ans,5.92
5oaj,6.56
2i4v,11.2
1hiy,3.08
6mja,7.85
5qc4,6.82
1upf,4.6
3vg1,7.26
5arf,6.27
5klr,7.72
4cxw,6.09
1oy7,5.36
4q3r,6.27
4pde,6.44
2v2q,4.15
4fmo,5.53
3f8w,4.08
4oma,4.17
2nns,6.05
5u1q,5.96
5kj0,6.89
2qp6,6.68
1uze,8.9
3c0z,3.95
3veh,4.96
5f20,7.52
4bbh,7.1
6dry,9.43
6h8s,4.42
2vx0,6.24
3cl2,7.59
4dtk,8.52
1v79,7.89
3u92,7.48
5dv2,2.9
6p12,5.95
4cqe,8.43
4tzm,6.7
5aen,7.22
6e9w,6.55
3nkk,4.7
6dh6,9.93
5y8z,6.21
6b4w,8.3
1d5j,9.15
4ep2,5.35
2fvc,7.49
2r4f,8.82
5tza,9.0
4jck,2.37
4b72,6.2
1ukt,2.25
4pd6,4.44
5vqz,6.39
2qtu,9.28
3l3l,7.48
4hlk,5.96
6imo,6.19
4hl5,6.35
5edu,8.66
5gs9,5.26
1ld8,8.46
4z9l,8.8
4a6s,5.2
5ur6,7.06
5oh9,3.86
4kfp,8.0
3s3q,8.77
3ezr,5.0
1yyr,6.29
6bgz,6.39
4x7j,7.39
4rn6,5.1
5fnc,4.11
5e0j,5.21
4b5t,3.33
4pvo,6.31
4b9h,5.35
6o57,6.29
5zjy,8.18
6efj,3.32
4in9,4.97
2odd,3.96
3s7l,7.1
4lnb,6.56
6q54,6.49
1y3w,5.77
2ra0,7.8
2wlz,4.6
3q77,8.22
4fmq,5.05
5ety,7.51
2oh4,8.46
3gw5,9.33
6n97,5.15
4mi6,4.31
5ak0,7.68
5wqj,5.52
5nn4,1.94
4bi7,4.58
1b38,6.6
2ykb,5.96
4dum,7.02
1w1d,6.52
2r7g,6.05
4c7t,6.4
4cfl,5.88
6mdc,7.44
6qac,8.21
6fob,7.63
2mkr,6.27
1ctt,4.52
3kr4,7.6
2psx,5.77
6en4,8.3
4l4l,8.3
5evk,4.92
6d3y,8.7
6nsv,7.8
5tqg,9.62
2az8,8.22
2p3c,7.62
3evd,6.91
3v8s,6.19
2y80,8.05
6hmt,7.04
6r9s,2.15
6d5g,6.6
3g5v,7.8
2ggd,3.8
2gg0,5.77
5cs2,8.4
2ig0,4.71
5vlh,6.8
5hu9,7.62
4e3i,8.89
4rpo,7.64
1f2o,1.91
4ere,8.38
1rwx,7.37
3pkn,4.66
5yve,6.48
5e8a,7.47
5gty,7.72
3sgt,3.82
1cnw,7.72
4qgf,7.16
4osf,5.44
3ud8,5.38
5ugg,6.42
1a46,5.7
4lke,5.37
3nsq,5.21
5en3,6.21
5i5z,9.05
4ngq,8.8
3rni,5.17
3h2o,4.59
4x7o,8.7
4rhu,6.16
3inh,7.7
4o5g,4.3
1tr7,6.82
2f1a,3.14
3l5b,3.91
4r6t,7.52
3qsd,7.19
1k3n,4.99
6g1v,7.23
5km0,5.31
5q0j,6.62
2e1w,7.96
6d78,8.74
4hyu,8.21
4res,7.85
2jg8,6.3
5mk1,3.88
2o4p,10.72
2bpx,9.4
5u00,8.7
5u7j,6.41
5u12,5.07
3doz,5.7
4oel,7.0
3ip6,6.6
6g8i,5.17
4yrc,2.7
3rjc,5.24
2n1g,5.64
5ng9,6.72
5u6k,5.22
4ctk,2.0
3tia,8.51
1bwa,8.6
3iwy,7.28
3n23,8.52
2a2g,7.0
6alz,10.42
2jqk,3.4
6iup,7.64
3lrh,7.35
2pre,6.65
5try,7.8
4dju,5.44
1q6j,7.8
5vd2,7.1
4o04,6.16
4n1z,9.14
6duf,8.14
4ery,7.27
1x81,9.19
3ud5,3.82
4x3r,11.07
1xxi,5.52
4wbg,5.55
6npm,3.96
2rfh,6.82
6myn,7.85
4yfi,6.3
3atl,4.76
1zeo,6.68
1std,10.33
6bhi,4.25
2xln,4.48
6frj,3.71
6bmr,4.22
2cn0,7.66
5u94,7.19
3lp2,6.66
5xij,7.3
1g4k,5.7
3kgt,5.51
3vzg,1.72
1t4j,5.1
3uix,6.82
4km0,6.04
3ewu,4.62
3mbp,6.8
1fpy,6.0
3vd7,4.48
2jle,6.42
4j8r,7.7
6bqg,8.93
3qbc,4.97
5kjn,7.77
5mrm,5.03
3wk5,4.82
5lay,7.47
5axp,9.03
2xwy,5.22
1pu7,3.1
4aia,3.66
6gwr,8.1
6pgc,5.35
5uoo,8.85
3wti,5.9
6p8z,4.7
4c1f,4.63
3jzj,3.61
2h6k,5.06
2hnx,7.08
3wyj,6.44
3po6,7.06
4an9,7.36
6axb,6.3
4kup,5.22
3vsx,8.85
2foy,6.92
5g45,3.3
2agv,7.7
4qw7,6.28
3cf8,4.9
4fyo,7.33
2ks9,2.04
2q3z,7.22
3in4,7.52
2ohp,4.03
6ebe,6.7
3mea,6.3
4xbo,4.59
5ogl,4.31
1syo,9.0
2gg3,6.24
5zjf,4.54
6i18,4.07
5nya,6.38
2w6z,2.82
3tsd,3.66
3fun,6.72
4qvw,5.38
1nym,5.4
5gn9,7.05
2vx1,6.66
4z7q,4.29
1zky,6.25
5ia0,6.73
2vj9,6.74
5ehi,3.34
1ih0,5.0
5ff6,5.02
5mmg,6.01
3zvv,3.04
3sfc,8.52
2giu,8.82
6g2r,9.46
4jq8,8.1
1xa5,6.5
4hvi,7.16
5hv1,4.1
4lts,8.36
2f3r,6.3
2xzq,6.59
6poq,2.57
4h58,6.72
5i9i,7.3
6b5i,5.96
5xpl,7.7
1i41,4.57
4ge9,8.8
5wcm,4.0
3k48,6.31
3t60,6.7
5hna,4.23
6szj,5.82
5lu2,5.2
4rlt,4.96
3hkt,5.39
2q1l,7.91
5t97,7.77
3old,5.9
1fhd,6.82
4od9,7.24
2jbu,3.4
3udk,4.49
6clv,4.88
7std,10.72
6c5q,6.66
6dgz,11.3
6e5g,5.37
2q94,6.43
5qj2,7.68
2b07,6.43
4eo6,8.7
2n27,6.55
5fl4,7.0
3rt6,7.15
6awo,8.7
6dys,4.25
3nan,8.22
3vbt,4.43
5trk,5.21
6rw1,5.88
3gjt,6.77
5cf6,8.09
3efj,7.41
1xbb,5.3
4i9i,8.1
4uw1,7.72
6arn,5.19
5dxb,6.28
6sfj,7.74
2qlq,6.63
2wc4,5.29
1pyg,5.52
5vc3,7.11
6gl3,7.96
4axd,4.43
5l99,3.32
5l2t,6.19
3cbs,7.24
4ufz,6.31
5mo8,5.79
3c3r,4.39
2psu,7.62
6i0k,4.89
5cgj,5.22
3ryz,8.62
4hyf,7.6
4ede,7.38
3rz5,7.89
1e3g,9.0
5u2f,6.71
5al1,4.28
2ncz,3.85
5hd0,8.4
2iiv,8.18
3btr,5.3
5uit,8.34
4jyb,6.96
5aqp,2.68
5ov8,4.74
3buw,5.83
2fqt,6.14
1h9l,3.12
6rtw,6.43
6jn5,5.15
2brc,5.05
6mnv,3.37
4h3j,7.05
2a3x,6.92
2ogz,7.08
5am5,5.74
5ijj,6.55
2z78,6.12
2bpy,7.4
2w8w,2.12
3dne,5.22
4a9u,7.22
4pp9,7.37
3zmu,4.3
1bq3,5.4
4b5w,3.33
4hw3,6.49
5edb,7.0
1z34,3.38
3grj,3.0
6p3p,6.84
4j53,8.7
4umj,5.57
4bpi,6.17
6mt6,3.88
4jv8,5.85
1osv,3.48
2i72,7.43
6oio,6.54
1au2,7.89
1gaf,8.0
5f6d,2.52
1ugy,3.72
3il6,6.57
4zpe,6.35
1me3,7.19
4rvl,7.38
2uwp,6.81
3d5m,8.0
1oky,8.19
1yp9,5.11
6h4o,6.89
6i4x,4.9
5o2d,5.68
3fu0,2.28
5isz,4.49
2fjm,6.85
2xj2,7.18
5t4b,9.38
2ylq,4.3
1njd,5.57
6sfc,5.28
6gfy,6.61
4igt,7.89
4nhc,7.34
4zy0,8.04
5egu,5.85
2yoj,8.3
4cp5,3.34
5du4,5.25
2zns,6.54
5yg4,7.37
4az6,9.1
3a1c,4.0
4o75,4.68
2fou,7.1
3coj,5.28
6f96,7.72
1ntk,10.49
4ty8,2.03
5kma,4.71
4xmo,8.7
4crl,9.71
4oq6,5.48
1zgb,8.06
1qf0,7.38
4djp,10.55
5v3h,8.3
4j0a,6.8
2nxl,6.27
4hwt,4.3
4lmu,7.26
5toz,9.46
5oh3,3.87
5t9w,5.59
1nl9,5.96
2ci9,7.22
5ne5,7.41
1d6w,5.96
4b6f,3.3
1h39,6.54
3qj0,5.2
5ap0,8.26
2a58,4.92
1rw8,6.76
2lk1,4.09
3pcn,3.66
4i74,6.72
4jfl,4.98
4e26,6.4
3fts,3.67
1hge,2.27
2yj2,7.92
2ax9,9.52
3hs9,6.31
5oq7,6.49
6ckl,3.89
3e6v,6.83
6hbm,5.02
4gtq,8.3
4tww,4.2
1y2j,7.48
4k6t,4.1
3gxt,4.74
3fkv,7.57
2bpm,8.7
4ear,9.82
6cfd,7.86
6nyh,7.68
2ow9,7.52
1o79,6.39
4l7r,5.02
2ada,13.0
6f5u,3.54
5tur,6.05
3o9c,12.05
5nxi,6.66
1qku,9.59
1rry,4.1
5ece,8.05
3oik,6.17
2gni,5.64
3d78,7.64
4esi,4.15
5ox5,5.59
4fzg,7.72
6bln,8.8
6ps1,9.7
6jdi,5.11
5jcj,4.42
2hvc,8.82
3ehx,7.6
1duv,11.8
6q6f,3.35
4zsj,5.64
2p0x,6.31
3r9n,5.85
4i7f,7.0
2q2n,6.48
3mb7,6.7
1o1s,7.31
1ke5,6.25
5vdo,3.3
1vr1,6.89
6p10,5.22
6e1y,7.66
4cps,8.27
2bqv,8.05
3kpw,4.85
6g91,5.49
4abi,8.2
4fxf,5.19
5tkb,7.89
3ine,6.77
4ivk,3.85
4zt4,8.0
6msy,7.0
4i9z,7.74
6inz,5.8
6e3n,8.7
3ms7,3.43
5nee,10.7
4x1r,6.4
5f25,5.04
4txs,3.0
4rss,8.77
1sbg,7.74
4uuq,7.54
1i1e,5.03
4w4z,7.52
3ad8,3.16
3vva,9.32
6mjq,7.88
1dwc,7.41
2wyi,4.74
3ao2,3.77
1sh9,6.03
4ph4,7.74
3sk2,3.61
1v2w,4.01
2os9,2.24
5nsp,6.47
4jlh,5.4
2w73,6.52
6dgr,4.91
1rek,6.7
3pgl,5.3
3h5u,8.52
5dqc,7.34
5y8y,7.09
2nn8,3.59
4p1u,8.52
6qhr,7.72
2r3p,6.05
4mm7,3.63
5gr9,7.48
2j7e,7.32
2bys,9.52
3h1x,5.89
3hmm,7.6
4ibm,5.74
5nat,4.7
6pyd,6.81
3g2s,6.22
2x6k,5.64
6of5,5.35
3ogp,7.44
2ohv,6.46
2ph6,7.57
5ey9,5.41
4q8x,3.57
4x3k,4.56
5da3,7.1
4mnq,4.43
1h9z,5.42
2xyt,6.29
3rz3,5.76
5e91,8.4
3dla,3.46
6g39,8.34
4qvm,6.35
5vcv,6.82
5e2m,7.23
6sdd,8.4
4lv2,8.0
6c85,3.9
5jhd,4.52
5jsj,5.4
5o0e,4.53
4p1r,8.39
6s9x,6.42
5yls,5.29
2fwp,2.92
6b22,7.38
5cas,8.85
3jy9,9.0
3lzz,3.84
2j7f,6.35
5mkx,4.7
3rqw,2.7
4x49,4.53
4i0t,7.59
4psb,4.64
4avw,7.62
2j47,5.41
4x9v,7.85
3rtp,8.15
3bar,5.7
6gva,8.22
4yti,7.89
6gfz,5.51
2rly,3.57
4xx4,7.36
6af9,5.49
4xua,4.59
5aei,8.96
6f8x,4.77
1jpl,5.0
6qzr,7.52
3odu,8.14
1tom,8.3
4pqn,9.15
5m63,6.96
6j10,6.35
1i5h,4.28
5kz0,7.66
2f0z,4.77
6oos,11.3
4lm3,2.92
6di1,6.74
2j7d,7.13
1my3,5.4
6g0w,5.28
4kw6,3.43
2aw1,7.37
3s54,9.64
5qa6,3.76
2zdt,8.02
2vv9,7.77
5q0z,5.85
4rgd,3.94
5m7m,6.45
1n95,8.92
1h1r,5.64
4wks,2.7
2xd6,6.19
6agk,5.58
1vjd,3.54
4j81,4.5
4ufu,8.0
4r73,7.64
1fvv,8.0
3v2o,5.31
1qb9,7.44
5yba,4.77
1qxk,5.05
5fus,4.68
6h52,7.17
6f8w,4.64
5nf9,5.33
4r1e,7.28
2lo6,3.95
1g5f,2.64
4x5p,8.21
2i3h,7.4
1fjs,9.96
6gop,9.15
4bcf,8.15
6om8,5.16
2yk1,8.13
4unn,6.38
2ica,7.7
6np4,4.44
4txc,6.62
3d8z,3.37
3p17,4.48
1ii5,6.62
6ful,4.92
5gsw,5.94
5lck,8.1
1ajv,7.72
5erg,4.35
5ah2,10.08
2bgr,3.6
1h61,4.89
2ioa,5.49
5tha,3.85
4z0d,5.3
5oul,3.3
4g93,3.52
2cen,8.3
1g3b,5.74
6hkm,6.57
4m3m,9.05
4b6e,2.3
2wq4,2.57
1bm6,7.89
3kyq,4.22
2cbu,5.68
6b1y,7.4
1zge,7.3
2hwg,3.55
4z07,7.99
4uiz,4.7
5lmb,7.8
6e4f,9.07
6oe0,8.92
5cuh,4.62
5ggn,3.66
6f4n,5.22
6h4q,5.69
5w0l,4.74
5e8z,5.91
6npt,7.17
3kqb,9.3
6cw4,2.82
4e3f,2.52
3el0,7.47
2jup,3.81
3evf,6.77
5knv,4.87
4yc9,8.89
2x96,4.03
2zdz,6.15
3uvp,7.46
6r1a,4.35
3ovx,7.51
6u8o,6.54
2uwd,8.35
1gbq,2.46
2b17,6.21
1hgt,6.82
2vmd,3.02
5lh8,7.72
6qpl,7.04
1leg,7.95
4jof,4.17
4jj7,6.4
4l0t,7.18
1gj8,6.96
6ek3,6.48
3gn7,8.3
3ncr,4.11
4bi1,4.16
5lwd,6.24
3f9y,4.49
5npd,7.42
3zj8,3.9
3qbh,6.82
3zs1,6.4
2xkd,5.64
4k6w,5.35
3kdu,6.46
5d0c,5.63
3b67,8.85
3a4p,7.55
5t52,9.28
6biy,6.66
3eka,3.0
2iok,9.0
1n5z,4.36
6gu4,4.7
4gii,8.74
2qrp,6.2
4bw1,5.9
6nv9,8.19
3b24,4.38
2p3o,2.77
1rev,7.48
5wex,7.18
6ggg,9.2
3wff,6.18
1pyn,5.49
3q7q,5.65
4lop,8.15
4ay5,6.27
2ony,6.68
6fzj,6.33
6cdl,10.92
5q16,7.87
5xqx,6.39
4b7n,8.78
6m8q,6.43
6qav,8.31
4tv3,8.72
6i0b,8.04
6i78,4.74
2qoe,7.6
3kwz,8.4
3s9y,6.44
5a3q,8.6
3e7b,9.8
2hwi,5.52
4dk7,7.7
6fzm,6.04
2hmh,7.15
6e59,8.67
3le6,7.46
1z3c,4.0
6ps9,4.62
2hdu,2.3
6f4x,4.97
6hs0,5.5
6o9x,6.05
1j4k,4.0
2hoc,9.52
1r5w,5.54
1a2c,6.3
1fq8,6.03
4qye,5.92
2r3h,4.7
4umc,3.44
6ggf,5.39
1il9,3.4
4mw6,5.78
2lzg,7.77
1qm5,5.82
4qsk,5.1
4lh5,6.7
3d4f,7.72
1i00,6.34
5ubg,5.17
5lz4,5.7
5za9,6.74
4m8x,10.2
5m9w,2.24
4cgi,3.12
6q35,4.82
3pb3,6.22
4ag8,8.96
5iha,8.05
6n48,5.92
5m6h,6.82
6guc,7.6
5cgd,9.3
3eos,8.4
1mn9,4.62
3ms4,3.28
1l0a,4.62
2ypo,4.68
6cyb,9.02
2b7a,9.0
3blt,3.54
2wf4,7.89
1htf,6.83
4b7j,7.95
1pg2,4.96
1a0q,7.57
3m54,5.89
6e06,4.26
1z3j,8.0
6ps5,8.43
6iot,5.24
5t31,6.96
3ask,6.43
2pe1,8.3
4k3q,3.94
5tys,10.72
5gmv,6.23
6gzm,8.26
2r3c,5.66
4meq,3.6
5c8k,7.7
5c0k,2.92
5bnj,8.7
4ayt,3.7
1f8e,4.82
6mbo,5.95
3ccz,7.29
2w0z,4.03
4nus,8.3
2fdd,8.32
5ujv,3.6
2b1i,6.82
4ie0,5.08
3ppq,4.55
4x9w,6.85
1c8l,8.16
4tx6,5.59
3shy,7.04
5yjy,6.94
4oct,5.05
3fxb,5.85
6un3,8.64
4ux6,5.92
1hk3,6.59
1i80,6.41
3tvc,7.74
6i11,4.53
4k43,6.88
3osi,5.22
4frj,6.55
1lgw,4.0
6ckr,7.3
3vby,4.55
6i5n,5.85
5n0e,8.44
3sw8,4.5
1gyy,3.64
4j6i,8.85
2aia,5.41
2wor,3.9
4i9s,6.79
6dq6,5.07
5z99,6.88
1rs2,4.3
4j9a,8.22
2xup,12.39
4fcb,8.54
6d07,5.28
4ez5,6.52
3uih,3.92
5hyq,6.82
1t29,6.05
5wfm,6.52
4wkb,11.57
4oz1,5.62
2f3f,6.72
1ahy,3.36
4lv3,5.49
4l7g,4.0
2qcm,3.35
4uwf,8.15
6nzk,4.3
1w6y,5.36
5iep,7.0
2y6o,7.6
6goo,5.67
4mu7,8.85
2q54,9.01
6ow7,9.0
4ycu,5.48
4css,8.46
5aad,6.67
2g8n,7.2
5xgl,6.88
6fmp,5.64
6mmo,3.35
5u5k,4.02
1fdq,7.27
2wks,6.89
3zsw,2.7
3zlw,3.7
5fpi,4.14
3wtl,7.04
5aab,9.06
5qa9,3.64
4g2f,6.8
5fv7,6.74
3s8n,6.21
2xu5,6.89
5kw2,9.09
1gj7,7.89
4yuw,5.77
3i7e,10.85
6cnj,8.11
2hs2,8.31
5t35,7.18
1b42,4.01
3ob1,5.42
3o9g,12.3
6qge,5.68
1w76,6.15
5hlb,4.01
3zuk,7.46
4hlh,5.96
2ri9,3.22
1w2g,4.57
4cix,4.47
4bnx,7.7
2zym,6.14
4zro,6.16
5wg9,5.59
1srg,5.3
2w6m,4.67
4bjb,6.66
4jpe,7.32
4egk,7.72
3d8w,8.15
3c6t,8.68
3g8e,5.35
4r4o,5.82
4hbx,5.72
2zu4,7.42
6o21,8.46
2gnh,6.83
4nnr,7.26
5azg,5.54
6bqj,6.0
3p4r,2.72
2rkn,7.22
4irx,6.12
1mdl,3.09
5lrq,5.8
4fs4,6.57
3gnv,7.03
4qvx,11.0
2y1x,7.57
3jwq,7.6
5gid,6.11
4cd5,6.71
5eu1,7.81
4avg,7.22
6f1x,7.7
6gjn,6.22
2a29,2.85
6sbt,6.78
2pgz,5.74
2cji,8.22
4a7j,7.0
3r8u,5.3
2f6t,4.62
6czc,4.78
4m2u,8.04
3gvu,8.0
5gvl,7.38
5g1c,6.85
1v2v,3.37
3bki,5.12
3srg,5.7
3hv8,6.98
4cxx,5.68
3lbj,4.96
4kao,6.11
1w9u,6.09
3sl8,6.54
2pgl,3.59
5apj,7.4
3zm9,7.42
6ema,4.53
4rd3,6.47
1q95,7.57
4k2f,7.4
4nbk,3.87
4hy0,6.7
6cje,7.22
6qlr,4.82
4bqh,5.59
4bh3,1.92
2fuu,5.57
2aoe,7.62
4d1d,5.74
4hyb,6.46
4gqp,9.6
2bua,4.52
2fhy,5.96
5lj1,4.5
3kce,4.8
3rbm,6.57
2vnt,8.0
5ief,5.28
1f5l,5.28
2cmf,7.55
1g2l,7.24
5vfn,3.52
4ju7,6.17
2f6v,4.43
4u71,5.22
3gi4,10.8
5uwk,8.64
1lqf,8.3
4x47,2.85
3ehw,4.82
3uf9,2.11
4w9q,6.85
5b4k,9.34
1gzc,3.49
1q4k,6.55
6gge,5.77
5nwd,8.0
4y79,7.96
1s9v,4.0
4c72,5.09
5jf1,7.19
2xsb,4.96
6bfe,5.85
4zsa,7.82
2pja,8.66
4uvw,7.72
5ygd,7.27
5g5f,5.28
3hhk,8.22
1mpl,3.77
1vj5,6.92
5tpc,3.0
3n2u,7.84
5qac,3.6
5ei3,4.25
2z4b,9.36
2ggu,3.03
4zcs,4.33
1fgi,5.0
3c7q,7.68
2c3l,5.07
3qnj,6.0
6b59,8.09
3kdd,8.46
2zq1,6.62
5yql,4.59
6rn7,7.3
3s7b,6.3
1iig,1.57
2aod,5.66
1fd7,1.85
3v4t,4.11
1a7t,1.64
6bfa,9.0
3dln,6.6
6s7s,4.77
2fo4,7.22
5ni0,5.74
6gin,7.49
2ff1,8.21
2cvd,6.1
4wv6,4.98
1mfd,5.31
1g46,8.8
4r4t,6.26
2zx9,10.27
1bm2,6.96
4jp9,7.62
5cs3,2.15
4rao,6.0
3qtz,7.3
2izx,9.4
6eqs,6.43
6e23,10.0
5up0,6.34
4nmo,4.83
6hsk,7.03
4mep,5.33
4i6h,8.3
5uf0,3.8
2pj3,8.18
5mqt,5.7
4jwr,6.21
4xt9,6.8
3r7q,6.97
5hjq,4.72
5t1t,7.24
3cqu,6.82
2ces,7.25
3okv,6.23
3djp,4.2
3rik,2.47
5nxo,8.31
5tt7,7.89
6gmd,3.69
1y1z,3.08
1tl9,5.52
4std,10.33
3chr,7.21
5f90,4.85
3uqp,7.31
2y4a,4.38
4zae,8.44
2zxb,5.3
6idb,6.4
4d1b,4.44
1v41,4.7
5v88,7.55
4tk3,5.1
1aqi,5.62
1qpe,7.7
5byi,7.51
4m4q,7.96
4kc1,2.91
3ux0,6.26
5ult,10.85
6ap6,5.37
2uy0,6.92
2rcn,6.0
5x4o,4.06
3d9n,4.05
4rvt,5.72
1h2u,7.89
3vf8,6.82
3ekn,8.4
1n1t,3.85
5wxo,3.68
1mzs,5.15
2w6n,6.9
2xaj,3.77
1o3b,7.13
5eob,9.62
5l9h,6.4
5fwj,7.89
5dhj,6.7
6q4g,4.3
3rwi,6.94
3h78,4.24
1j14,4.49
4dcs,5.1
5f2p,4.43
4qxr,6.0
4ynl,4.62
3shv,6.66
4ba3,5.54
3r0t,9.04
4jr3,6.66
2qtn,3.42
1ro7,3.18
5oje,5.21
2n0u,6.22
3nsn,7.19
5t1s,7.08
6bec,4.01
1xp6,9.4
6euz,4.18
5xag,5.46
5i2z,7.14
5ctb,7.64
6g9m,8.1
1jjk,11.06
4ei4,8.74
6n82,5.96
4xmb,7.36
2v12,9.05
4leq,6.54
5jjr,7.8
2e94,8.0
4cfv,4.63
3t3i,4.77
4rn0,6.59
5lgq,7.05
1h4n,4.92
3ds1,5.7
4nk9,8.51
2lpr,8.89
5v6u,2.26
6tl2,5.44
2avq,4.39
5itd,6.58
3bqc,5.73
3tge,10.15
1oss,4.79
4ylk,6.74
5oxm,1.3
3b4f,8.14
4qz4,5.01
2wf0,6.68
4gly,5.11
5i9y,8.55
6ax1,9.42
3wgg,4.4
3zn1,4.54
2pu2,4.43
4hxr,5.39
2gej,6.64
5e0h,5.62
2itz,8.59
2kvm,3.96
3rtm,4.42
3vbw,5.22
3p50,4.62
6nri,7.57
2h9n,3.94
5j4y,6.05
6n9l,6.7
2gg2,6.6
1bhx,6.84
6fa4,7.29
4yz5,2.83
5ja0,5.22
3ozj,5.11
4y2v,4.04
1hdt,7.76
5bpa,9.0
1vrt,7.1
6b33,8.12
1e34,2.88
4i8w,10.9
5vds,3.3
2c1a,6.77
3h89,7.64
5tpx,6.55
2bmv,2.0
4ggl,9.0
1zoh,7.0
4ft2,5.64
6d4v,6.64
1c5n,4.7
1nw7,5.09
1mrs,3.96
3zo1,6.0
5h1u,3.51
3rl7,4.74
1c83,4.85
3f19,7.19
4zs3,5.18
5aln,6.57
3d83,8.36
5v7i,7.18
2j7w,6.66
4bci,8.22
4xpj,5.09
4bvb,4.48
5y80,8.79
4xk9,9.07
4qlq,8.18
3re4,7.4
4eej,7.15
2who,7.7
1d4y,11.1
1gyx,2.48
5xxf,5.74
4pra,5.66
5vb5,6.46
2ate,7.07
3r16,7.3
4mrd,3.37
3szm,6.4
1vot,6.6
2xk3,5.68
5mgm,3.3
1jeu,6.82
4wov,7.14
4pvy,6.71
5djp,5.15
3zvt,5.92
1b5j,7.43
2aqu,9.32
1hk5,5.24
4fht,6.17
6n19,3.02
5b6c,3.66
2ow2,8.22
3da6,8.7
1obx,5.72
1g35,8.14
2l12,4.26
5ugb,6.79
4gee,9.0
4j22,7.74
4gh6,7.68
2vpg,5.68
5os4,2.78
1w5y,8.48
4yv8,7.96
5k0x,8.36
2gv2,8.3
6cq5,4.24
4f9y,6.74
5l8t,3.55
2sim,3.42
1sgu,5.37
1ta6,9.13
5y9l,5.72
2qtg,5.08
1hih,8.05
3qwc,4.26
3rsv,9.15
6nlj,4.82
1k6p,7.36
3cm2,6.47
5w6r,7.57
1o2w,5.85
3qup,6.32
6bfn,8.03
1utm,3.01
1t4s,2.44
1lhw,9.08
3ew2,6.67
2ohs,4.4
4nmr,3.53
6jjm,2.85
4gd6,7.38
6e0q,8.1
6kjd,5.05
3w8o,7.62
3g8o,7.8
6eqx,10.47
6mnc,5.8
4kwo,6.45
5f04,4.0
3uzd,5.05
3ncg,6.82
5xsr,7.69
5aip,2.82
6dil,8.12
3v5j,7.96
5op4,6.71
4fl3,3.82
2i4d,11.68
4gbd,11.32
3sxf,8.6
4gg5,9.03
2za0,6.64
1u0h,6.96
2cn8,5.46
2i0v,6.8
2v95,8.3
4hym,8.22
2vio,4.4
1f4y,6.08
5tkk,8.28
4jt8,7.48
2ce9,6.03
3si4,3.88
4ce1,4.38
3mj1,7.82
2ilp,4.82
2g9v,5.92
5wij,6.31
2y0j,7.92
3pkb,6.21
4zim,8.62
6suo,9.4
3km4,8.89
2ojg,5.64
1nfw,8.96
4mpc,6.15
3hvi,8.3
5osy,7.37
5hcy,8.92
3ocp,7.57
3t1l,3.26
4eu3,0.82
2pyy,4.6
4ty1,9.26
6gfs,6.54
1f9g,1.28
3lhg,7.7
1nh0,9.74
4pjt,9.24
6q9q,6.84
4zwy,8.7
5d7r,7.89
4qab,9.7
1j5i,3.64
4xkb,6.1
1qxl,7.96
1m21,6.52
3iqi,4.41
3exo,4.62
5w2s,7.33
3rpy,5.32
5a3s,8.68
2oq6,3.6
3dtc,7.59
5k1f,4.79
3ivq,4.12
1rpa,6.0
1ddm,5.77
3h0w,6.22
3f2a,7.24
1you,9.06
4hby,5.36
5d45,6.92
5mxr,5.21
1ao8,8.22
4urz,2.52
6eq2,5.89
3jzf,5.3
3gcu,6.78
4z68,6.49
3f8f,6.63
6cvd,4.0
6dik,5.07
1oi9,7.16
6g2o,6.77
5nn5,5.47
4mmf,6.53
4rx9,7.89
5ztn,8.3
2h9t,4.7
4o4r,6.06
3bux,5.63
3nwb,7.96
4jzf,6.76
3eys,5.52
1ke7,8.05
2v11,8.52
2w6t,8.57
4qpd,7.82
3gi6,11.22
4prd,4.6
1e02,6.15
4anm,7.55
5iug,7.33
4pmm,7.57
3qzv,4.16
4x3t,4.54
3h0q,6.07
1gi6,6.22
2ha3,3.03
4llk,3.0
5qad,3.77
5een,8.96
5vcx,5.55
4o3c,2.59
4olc,6.19
6rln,8.2
1gui,6.28
6fv4,2.92
1ett,5.89
3ndm,7.96
2xjj,6.51
1i7z,6.4
5dit,6.15
5obj,4.78
5mev,7.0
6pyc,7.45
2hxl,7.92
2hu6,3.81
3ocb,8.3
6nfo,5.57
3vid,6.21
1ebg,10.82
6mvx,5.14
2xxr,6.55
5n87,9.25
3hqr,5.52
6fyz,7.41
4loy,8.09
3blr,8.19
6n0q,7.4
4m1j,9.7
6chq,5.36
1m5f,7.83
3p7i,7.7
5kva,5.14
3mjl,2.44
3hfv,4.87
3d3x,4.16
4dkq,6.6
6bky,6.57
2oc2,8.52
3odi,7.82
6nfi,7.05
4j93,4.7
2ylo,4.88
4piq,7.1
5lpd,10.15
6ow2,8.52
2rka,3.0
4ie4,5.48
3f6h,4.72
3kjn,5.19
4k19,8.36
5w0f,7.8
5d11,7.55
2rgu,9.0
2zx5,12.33
5a7y,4.48
2wf2,7.59
1yda,6.55
1jdj,2.3
6oyw,8.4
4j79,3.1
4wey,3.5
4ris,6.05
4duh,5.18
5xo7,6.36
6dsp,6.09
4uwg,8.15
3n3l,3.3
5w92,7.7
2qdt,5.19
5moc,4.63
4ydf,5.1
6hvi,6.42
1a9u,7.32
3lk0,3.16
2kfh,2.62
2zlf,4.51
5h6v,6.68
6dh4,11.3
1lvc,6.0
2ad5,3.96
2c4g,5.94
2py4,6.7
5jic,6.89
5of0,8.63
2fl2,8.7
3s0n,6.74
1ld7,8.96
1m4h,9.52
5mxo,5.27
3zkf,6.02
5llc,9.52
4hki,6.85
5o9p,5.09
2ei6,7.39
4mxc,8.17
5ia1,6.28
5vk0,9.74
4dmw,4.94
5ny1,6.44
6a84,8.28
5vnb,5.3
4c4h,8.22
3qts,5.51
5c7e,5.0
1rr6,10.25
5y24,8.34
1ci7,7.05
2r75,6.15
6hhj,7.97
2bet,2.77
1uwh,7.66
5q0g,9.74
4lgh,8.7
5fdz,5.17
3lgp,8.7
4kmz,8.57
3dow,4.94
5wev,6.82
1z9h,3.0
1bqm,7.35
1tlp,7.55
4ufj,4.28
5j74,8.72
2xnm,6.8
6s0e,5.5
1h4w,4.66
6sd9,9.1
5wkm,5.12
4v25,7.08
1u9e,8.24
5tg1,5.82
5kau,6.52
1rbo,12.72
4g2j,7.96
4wy3,3.62
1a9m,6.92
5e1m,6.72
5eij,5.31
4kcx,4.43
5iz8,5.62
3s2a,8.09
4zb6,6.28
4a6w,5.72
6do5,7.16
6q9t,7.52
4utr,6.15
4tzq,6.52
6d3x,10.29
6u7o,10.81
4jvj,7.66
4ayx,3.7
4b6o,7.0
6cyg,4.17
6fns,4.03
1kz8,6.08
4g31,9.4
5j7g,7.24
4afg,8.3
5k09,6.0
1uho,9.22
6om4,5.45
3shj,7.47
4uvx,7.96
6stl,8.8
4myh,4.64
2lbm,6.57
1y57,5.79
6cjs,9.7
5iub,9.46
6sze,4.1
2wmu,4.38
3wka,4.54
5cp5,5.91
3bwf,9.7
2ork,2.85
3chp,5.27
3ti6,9.27
2w8f,6.3
3afk,3.6
4mvn,5.46
3wf6,7.48
1pk0,7.57
5ceo,9.3
5w84,6.44
4jmu,5.47
4k76,5.35
5ehq,10.48
4cgj,2.84
4zed,5.12
3o8p,6.46
2wxh,8.05
4wsy,7.77
6bhd,5.03
3wf9,6.25
1izh,7.7
5nkb,9.12
1c29,6.33
4zz0,7.0
6bbx,6.67
6s1s,5.84
2x7d,6.7
6mx8,9.43
6rvf,6.14
4jfj,5.68
4rxd,6.52
5dls,8.36
4cqg,9.39
3lm1,4.7
1l5q,3.97
5hrw,5.48
1a07,6.4
4bcc,8.05
4ra1,5.94
2xxn,6.41
5y6d,7.26
4uhg,6.27
4pb1,2.82
2vwm,7.03
3iww,7.96
1qw7,3.6
3r5j,6.96
6co4,7.57
1k3t,4.19
5bvf,9.72
1pkx,6.92
1mue,8.64
4jiz,5.62
1ydb,8.24
5etp,6.15
3tku,5.72
4mi3,4.12
5uq9,6.15
3ta1,3.25
2ykj,6.21
6e7v,6.48
6phr,6.7
6dh7,9.88
6h8c,5.85
4wj5,6.29
3u1i,5.25
3hab,8.38
4e0x,7.12
5auw,5.05
5ylu,8.62
3ly2,8.3
4zl4,7.86
4nyf,7.31
6poh,2.71
2r5d,10.15
3oj8,8.36
4s1g,9.22
4dfl,6.17
2hy0,9.19
3suu,8.52
3l81,4.53
6hmg,4.94
5t1w,7.11
4jfm,5.48
5vc4,7.36
3gjw,8.3
13gs,4.62
4wn0,3.22
5uqx,6.21
4yym,3.62
2flu,7.7
3ekx,9.41
5ula,7.11
5tbe,8.97
4m2w,7.28
6bsk,6.92
1onp,7.52
4f63,6.3
6qfg,5.52
1amw,4.54
2a5c,4.62
1z1h,8.4
4hld,9.3
2iog,8.1
4yb5,4.71
3n87,4.96
3njy,5.77
2i6a,9.05
5aph,7.22
3tjd,9.0
6qhb,6.3
3d7f,9.3
2q8s,6.73
1o4q,2.49
4hbw,5.32
5fl0,6.46
6bfd,8.3
3l4x,6.89
4xek,5.66
5fsn,5.77
5vb7,6.72
4v0i,6.33
6esa,4.53
5mmp,7.52
6gwe,7.38
4qg7,8.0
3hvj,8.7
6k04,8.04
4c6u,4.59
2zp0,7.6
4avi,7.63
3lpp,6.22
6dj2,8.12
5cjf,9.59
5zqp,7.74
4tkf,6.55
4a6l,8.0
5i1q,7.92
6m9t,7.7
4yh4,4.59
3fpm,5.05
4fe6,10.0
2xxt,8.05
2pks,4.96
6q3z,7.36
4hn2,6.89
4e3h,7.05
3le9,8.22
3odl,7.21
5hbe,8.64
5kup,8.14
1aw1,1.05
3lkj,4.6
1o30,6.77
4yy6,4.22
6cjw,5.74
5ema,5.23
3shc,5.72
5wqc,8.96
1d4l,8.77
5wg7,4.7
1b6j,7.92
4rxz,6.74
4jfi,4.74
3ah8,9.82
6n17,3.0
5zu0,5.51
4qtb,6.7
6mzw,8.41
3cib,7.85
2qrh,4.71
3rlp,7.08
2ckm,8.82
4ocx,11.44
6a80,5.9
5dhh,9.18
4qkd,4.09
2fx8,6.52
3g6h,8.19
6d19,6.61
2bkz,8.15
1v2m,4.29
3bjc,6.96
3dp1,5.0
5kks,8.7
2xs8,4.61
1p03,8.19
1b3l,5.89
2cfg,7.44
6fkq,8.0
4g8v,5.8
4nwc,5.76
1xkk,8.52
6n93,4.69
1wdy,7.89
3ccw,7.87
4mm9,5.68
4q99,6.28
6pi1,3.8
2qcf,3.49
6eil,5.55
5ixf,5.52
3qs1,7.96
3kdm,7.0
1py2,7.22
1npw,8.7
3bzf,4.52
4f64,7.2
2fm5,7.37
5y6e,7.86
3uoh,7.89
6hd4,8.64
4jk5,7.55
4d1c,5.7
6hlx,7.17
3cgf,6.57
4fhi,7.0
4mji,4.09
6ak5,6.12
2jnp,6.89
4acu,7.39
5dry,7.7
2xui,15.0
1ork,8.81
3ue4,8.96
4wyy,6.0
1bdq,6.34
2o5d,5.15
3hw1,3.06
6qm7,6.8
4l7l,6.0
1t08,5.51
3hqy,7.94
2f8g,8.7
2vwo,7.51
5fdi,7.73
5t6p,6.06
2a25,4.62
1re1,5.21
2c80,5.33
6hv0,6.56
5q0s,7.21
6miy,7.73
4jff,9.22
1a8i,5.52
5j1v,7.39
3kbz,6.91
6hs4,5.51
5jdi,5.37
6npe,6.3
3ka2,6.62
6hb6,7.36
3jzr,7.44
5vsc,6.29
6esm,5.53
1pq6,8.1
1o5m,8.72
4cae,7.74
6hcu,7.82
6p84,4.81
4e9u,5.82
5jan,3.01
1rst,4.43
3dgn,6.21
4wpn,6.68
6h1d,5.6
4p75,4.1
3uvu,7.38
6hdq,7.0
2pwd,4.4
4eon,6.05
6fnr,5.59
1ny0,5.85
4dfn,7.7
4obv,0.75
4dmy,9.0
4u69,4.26
2xiy,2.44
3kr5,7.89
2gnf,5.22
1b2h,4.54
6abk,1.95
4b1j,7.3
4ea1,6.44
1tq4,6.19
1l7x,4.04
1i7c,6.4
5q1e,6.92
3fcb,5.31
6guh,7.59
5my8,7.14
3lp7,5.44
3cwk,6.6
6nu1,4.51
3ft5,4.82
3hpt,8.19
4ruy,7.89
1fj4,4.59
1lkk,6.85
3q4j,6.21
5wkh,3.85
6c4u,6.1
1epp,7.16
1hbj,8.52
6fa2,6.66
4l7f,6.8
1c7e,6.3
3hiv,8.12
6udy,7.57
3k99,7.22
5vdw,3.7
4o7a,4.72
5hyr,7.38
5wbo,4.21
3ibl,7.84
4fea,6.47
5vsk,5.74
3as3,3.8
3wpn,4.36
4d09,8.77
5u13,5.41
3agl,7.8
4f8h,4.24
5lws,3.94
2cgv,4.56
5ok6,5.05
6b5r,8.77
4ejl,5.14
3a5y,7.96
6d6t,8.21
3lgs,4.61
5sz9,4.42
3atu,8.3
6e4u,7.87
3rin,8.89
4u0f,5.92
3wzq,6.23
5lgp,7.04
3eyd,9.7
4anu,7.68
3zke,6.8
3f5p,6.85
6ak4,5.46
3ewc,7.7
4bcp,6.25
3n7r,7.7
3qo2,6.85
4e4n,9.05
3mo0,6.81
3ms9,5.22
3pab,4.7
5k4i,8.51
6cz3,7.25
5mod,3.52
5y93,5.64
3rme,4.66
1p0y,1.0
5als,7.72
6sdc,8.9
2m3m,5.02
2xhs,6.0
3erk,4.74
3unz,7.8
2r3f,6.3
3ekv,9.41
5nne,4.71
5wfd,4.58
1rlp,5.1
2uym,5.51
5xvf,6.15
1gfw,7.82
1m5b,8.01
4qw4,6.95
1dhj,6.55
3aje,5.03
3v6s,9.12
4jbo,7.62
5zkb,8.7
4is6,6.2
1zm7,3.0
5c7a,3.31
2oiq,5.0
3u5l,6.19
5tob,8.82
4ibj,4.33
1ssq,6.0
1tmm,6.64
1him,7.7
2yer,7.7
3vf5,9.34
3ccb,4.52
1wb0,5.35
2ivu,6.43
2wxo,7.05
1b2m,3.73
1s5z,3.21
5ajz,5.7
3o7u,7.28
1td7,4.37
5ygi,7.05
3uz5,7.22
6ibs,4.96
1n43,10.55
6d4a,3.93
6elo,6.29
5e2o,8.7
1ax0,3.13
5f2u,8.43
4j70,5.24
3nef,5.94
6ssy,3.19
2zjf,7.72
5ttw,5.96
5vkf,4.77
5jsq,4.67
5x4m,2.92
3ujb,5.1
1d4t,6.19
5unh,9.46
2xto,6.2
6dgx,11.3
5pzm,5.96
5ktu,6.21
4zow,4.12
2ien,9.0
1o3j,6.77
4s3f,6.24
5nxp,7.99
6ew7,5.54
2bw7,5.7
1qhc,7.57
4uj1,6.52
5yvt,3.96
3otf,6.08
3fkt,5.55
3r7n,6.15
2reg,5.64
5myd,4.86
4dfu,4.6
5a0b,8.3
3qtr,6.03
4nwm,8.1
6gz9,2.13
5mli,3.9
3kgu,5.92
4n7y,6.26
6ffe,6.1
3r42,4.08
2er6,7.22
5i89,7.48
5ak4,4.23
4ob1,6.3
5eak,9.3
4h1j,5.92
1h3h,6.66
6qgf,6.0
5xyf,5.98
5bsk,6.22
4b12,4.99
4qew,7.07
6dzv,6.4
1utn,3.49
4eh5,3.09
6nze,8.89
2r3m,8.0
6oim,7.05
2x4u,4.32
5dgm,6.4
4hgs,8.3
1f0t,6.0
4j52,8.52
3gwt,11.1
2ybp,4.62
4qga,7.92
4bkj,8.72
5ulg,6.72
5kgn,9.03
5hor,8.22
6tld,5.35
6klk,3.88
5o7n,6.52
4ido,4.93
5j9y,7.24
2y6d,7.1
3ebl,6.3
1o4e,3.3
6odz,9.15
4djh,9.49
2z4z,5.73
3lir,6.92
6npu,6.4
4r74,8.1
6dl9,6.0
5jnn,5.35
5iuh,6.4
6c2t,9.05
2oxy,6.52
5yhg,6.02
4msg,10.0
1eb2,6.01
3pxz,5.23
4k67,3.43
5oua,5.57
4oi6,5.0
4dhr,4.57
3daj,5.54
5bv3,7.17
3qkm,7.42
3rl4,5.42
3gwu,4.71
5agt,7.12
5avf,5.49
3sm2,9.7
5eei,9.22
2yiw,9.1
1br6,3.22
5hzn,7.21
1b11,7.39
1rdi,2.06
4eb9,8.27
4qfg,5.48
2xl3,5.25
1k03,6.0
2jh6,7.77
1fkg,8.0
3g0c,5.7
4btl,5.6
4l58,4.68
1k1o,6.17
5t23,5.8
6oah,5.82
2e9c,5.96
2ay4,2.91
1d5r,1.82
2p8h,7.15
2zxg,8.82
6dj1,10.51
4eo4,6.35
1zsh,7.07
5f6v,2.24
4mwr,9.39
4wbo,4.2
2amt,4.44
1zfk,7.92
3lqi,5.16
3qx8,2.86
4h3a,6.29
4os5,4.63
5kit,7.89
1tfz,8.15
5kql,4.0
5nqe,6.15
5hyx,6.55
5hmi,7.82
4a4h,2.77
5y5w,6.1
4mex,6.7
3frg,8.4
4luz,4.7
6c7e,8.55
1il3,2.55
5ezx,7.06
5d29,7.01
1zd5,4.87
4tuh,4.0
4bj8,8.29
5j8z,8.3
3v3m,5.32
6k05,6.56
4m8h,7.6
4pqa,5.55
4qnu,6.4
5w6t,7.57
1x7e,5.97
6dub,4.74
3pp0,7.96
2xbx,7.82
3ijz,5.22
5dxt,9.7
5elw,7.85
6mim,5.7
2f89,6.48
4djo,11.52
3shb,6.03
1q4w,6.46
4j5e,4.94
5hwu,5.27
1b6p,8.52
2bts,7.7
2a4w,8.29
1qwe,5.92
2zm3,6.21
3odk,3.14
3v0l,5.52
5nwb,7.8
3wyk,7.64
4b0g,7.82
4oty,7.4
5wf7,4.01
3ng4,5.43
4qwj,5.77
4na8,8.82
6hgf,5.02
3rdq,9.31
3rjm,6.61
5ew3,8.92
4b73,7.21
4cwt,6.75
1h00,4.42
2bj4,4.47
5yof,5.82
4b4g,6.76
5jvi,6.51
5a6x,6.69
3dkj,5.7
4mti,8.92
3dba,8.0
3mhl,7.25
6pnm,5.17
3r2f,8.85
3e5u,5.85
2h23,4.67
2wl4,4.19
6ft7,5.0
6udt,10.0
3evc,6.91
3e8n,7.72
3tfk,5.01
4wx7,7.4
3v31,5.8
6mhc,6.43
3u7m,7.45
5upj,7.12
6cec,4.35
6f4w,5.53
5qa7,3.96
4nzb,4.17
3zi8,5.66
3zns,7.41
4gsc,5.85
4qjr,7.1
1yly,7.82
6pge,3.62
5vc6,7.87
1tjp,4.42
4dj7,6.3
5d6j,4.44
1mns,4.17
1xt8,6.85
6fff,7.3
5ahu,6.78
3lmk,5.94
5pzn,7.39
4h3b,5.17
4lhm,3.39
6jap,4.8
6aqf,8.67
5ey0,2.65
5g3m,5.66
6fex,7.54
5tks,7.17
4jjf,8.0
6quw,2.82
4k1b,11.52
3azb,4.92
3qj9,7.0
5h3q,8.22
5eec,7.1
2fde,9.15
1rd4,7.74
2r3y,5.49
6a6w,5.43
2c6g,3.37
3b7j,5.17
5klz,6.37
1jqy,4.92
3ap7,3.0
6f05,4.47
5vrl,7.11
3vs3,9.37
3mo8,3.1
1x7a,7.89
3sha,5.59
4btm,5.39
4pl3,6.54
6fne,5.52
6dn5,7.49
6e8x,6.22
2i03,9.0
4o91,6.83
2ydo,7.51
3iw7,5.64
4fxq,5.77
5n1v,6.19
5ncy,9.4
6qqu,5.3
6ob0,4.96
1i8i,7.66
6qtx,4.41
2q5k,11.3
1fkh,8.15
1bzy,8.34
6g86,4.49
5ndf,5.85
3er5,9.0
5o1s,3.65
4bzs,7.12
6me1,7.92
6g9k,7.4
3sx4,8.52
3jzi,5.3
1at6,4.07
4u0i,8.22
2dq7,8.32
2vaq,8.52
4q09,8.17
5j87,8.05
6g84,5.21
4arw,7.13
6m9d,7.35
5ll7,5.61
5x5g,5.83
4zyw,7.17
2d1n,8.15
4lk7,5.04
3lkh,6.1
4jz1,6.7
1bn1,9.34
4q83,4.19
4u0u,5.82
5j9z,7.8
1bil,9.3
3vru,10.0
1zyj,5.82
5wa9,6.76
5mw3,6.62
5yyf,6.48
4ezw,6.0
3uh2,6.0
5fcz,4.2
1h1d,8.22
2gbi,8.52
2pfy,6.52
1sj0,9.1
5g42,2.3
6h4a,7.38
4gts,7.89
4erw,8.15
1xow,9.28
4f6x,5.09
3ewz,4.1
2wtw,8.19
3ej5,3.57
4hva,5.89
2joa,5.96
5yg3,7.85
3qel,6.49
5up3,7.9
4l7j,3.7
2eep,7.06
4f3h,6.38
6oe1,8.51
1kf0,2.55
4his,8.09
1bn4,9.31
4xub,5.97
2wcx,7.6
1uef,5.49
1ado,6.0
4qmt,8.0
4jh0,9.03
6f7b,8.89
5j7f,7.24
5oq5,7.7
4j2t,7.96
4f7l,8.0
2gc8,5.51
4qb3,5.47
5fqc,8.52
6a05,4.89
4mic,5.3
4zls,9.09
187l,3.37
5n9k,9.34
3nyx,7.49
3lpu,5.86
4bqy,5.96
3tu9,5.12
1a5h,6.3
5olk,6.0
4msc,5.96
3unn,4.4
5y5n,5.76
3nc4,4.58
3w5n,3.87
5eyd,9.0
2p94,9.17
6f5w,3.83
1sps,8.52
3adt,4.55
6pk7,4.72
5xn3,6.17
3tdc,8.27
3kw9,9.0
6gxw,3.36
6gdy,5.46
3vbg,7.48
5hn8,4.01
6fjf,8.17
3u7n,7.95
1f3e,6.7
4x8n,6.62
1ec2,10.0
4l7h,3.7
6h13,7.23
2co0,5.48
5epy,7.4
6op0,7.86
4os7,4.62
3eig,7.68
3ig1,6.14
6bhv,5.23
2f7i,7.1
5qb1,4.7
4m14,6.7
4kp4,5.17
4gtv,7.42
5ngb,7.72
6eir,6.24
4aze,8.11
2j50,7.89
6ndl,7.19
2xyu,5.35
6d8e,6.47
6das,8.31
4rqi,4.91
5nhp,7.64
6dnp,5.18
5a2i,5.06
5yh8,6.78
2y1w,6.33
6fzx,8.15
4yjl,5.96
4zdu,5.77
4ewh,9.52
1yyy,5.09
4o2a,5.74
3dcq,5.23
5ea5,8.06
3ens,8.05
3n8k,4.05
3e16,5.24
4qpa,7.43
3eql,5.3
5uey,8.29
5c8m,7.19
5bvw,8.82
5ime,8.34
5wdl,6.17
4d52,3.11
3tdz,6.82
2weq,5.9
5yun,5.52
2g63,8.17
3arg,7.26
2x7x,5.7
1rhu,8.52
3fuk,3.02
4trw,4.14
4mga,5.86
6cn8,7.2
4hpi,4.85
5diu,7.37
4dhu,5.3
3qw5,6.45
3s8x,7.3
4jnj,9.07
2pv1,7.14
1ouy,8.37
2vjx,4.96
3k3h,7.06
2glp,5.01
6bjo,6.29
6b31,8.44
3r21,6.74
2pjc,8.72
2w1g,8.52
4hlc,6.76
5cxa,8.05
3qvv,4.42
6ind,6.62
4yjn,7.92
4q1c,8.7
3gcq,6.47
6dj7,8.72
1epo,7.96
4o7d,3.0
4bdg,4.12
1lvk,5.92
5yv5,5.41
4kxl,6.22
3lbk,6.04
6dif,10.72
6r1b,5.44
2x6y,4.59
5ura,6.4
2ou7,3.81
1klu,7.6
5oh2,4.24
2y1n,4.77
2hmw,7.7
5y21,6.47
1pa9,4.6
4nh8,8.52
2aie,5.66
5lrg,8.82
2xfj,7.89
3fzy,6.74
3qce,5.6
6i68,4.89
3gba,9.07
2fm0,9.4
2xx5,6.7
4kp6,9.09
4phv,9.17
6d1m,8.2
5q0v,7.69
5oax,7.57
3gl6,4.68
4idn,5.24
2qbs,6.68
3p3u,6.48
4xj0,9.52
4y6m,7.15
2xjg,7.82
1hxw,10.82
4nld,7.7
4eg6,7.37
3dt1,8.62
5zz2,8.85
5q1a,8.02
4fl1,3.28
4ahv,1.82
6n94,4.7
2wxl,8.34
2yb9,9.22
5eym,7.6
3v4x,6.15
1bbz,5.82
5c87,3.7
1w5v,8.15
4tk5,7.49
4iid,5.62
5iua,8.82
2lp8,7.52
2c93,4.92
5vom,6.1
3kyf,6.78
3rth,5.21
4gny,4.22
1n9m,10.96
6ffg,7.2
2ydm,7.44
6cjh,5.42
4u01,8.46
4joe,3.56
5c7d,5.11
1u3r,8.3
6hvj,7.55
6d40,9.85
3ccn,6.92
3c2f,2.0
4ciy,4.57
3od0,7.92
4o42,4.66
6f7t,9.44
1nlp,4.96
4ykk,2.77
5v9p,6.14
4uua,5.24
5etl,4.64
1lf9,12.0
3i4b,8.15
5t6g,5.96
6c8x,12.3
3zxe,3.35
3k41,0.82
4mul,6.21
3c6w,5.62
1sqc,6.85
6as6,4.82
2n7b,3.55
6g8m,5.38
5fi7,7.4
2jk9,6.82
5vqe,1.49
5iu8,7.74
4zpg,7.26
6nrj,7.44
3lgl,6.05
4x7i,7.69
2lko,5.67
1qng,7.89
6prg,3.7
1awi,4.05
6f8u,6.1
4qws,6.5
2r9s,6.82
1o3i,7.3
3p9l,5.3
4p4s,4.94
4f1s,8.7
5zob,5.96
4np9,5.03
5ltn,5.27
5lvl,5.9
6bfx,7.1
4h42,3.47
3tsz,4.46
4f14,4.89
5yjf,5.74
3spk,8.52
2osf,3.83
4i5p,6.42
5dro,10.59
6uvv,5.18
3nf3,6.2
6udv,10.29
1ngw,7.68
2on3,9.0
5auv,4.51
2qd8,9.07
4nl1,3.89
1fe3,7.33
5v1b,7.47
2oic,8.4
5ovf,6.85
2hm1,8.7
6uwv,8.0
5yqx,6.96
3zt4,2.8
4rux,7.92
1hgi,2.68
3i6m,6.46
5usq,7.0
4yoj,6.39
6hor,4.18
2aac,2.22
4nh9,6.43
5apr,7.77
6fjm,6.24
2yc5,7.46
4v27,6.66
5alf,6.69
3bi1,9.92
5mos,3.79
3s0j,3.77
1joj,4.22
5j8m,6.8
5kzq,8.28
5wzt,6.66
4jpa,8.48
6i10,4.53
5v8p,4.99
1j4p,4.99
5mw6,4.73
5jpt,4.6
2euf,7.82
5to8,8.51
3wuv,5.17
1tze,6.83
2zfs,6.54
5w19,5.3
5yr5,6.74
5ybe,6.24
3bl0,6.92
1wuq,8.27
5fho,6.67
5oxg,5.89
3tf7,3.52
5mt0,3.3
5ih6,5.6
1c5c,6.96
1olx,4.33
3p3s,7.59
3itu,4.4
4tpm,8.62
2ito,6.91
1b5g,8.0
4ca5,9.39
4u43,4.32
5llh,10.17
4o71,4.74
4jok,4.07
2p3a,7.96
5t2b,8.3
1hyo,4.07
2qrm,4.03
6afd,5.43
2piz,6.77
6pl1,7.65
5qaz,3.4
5iez,7.64
4gzw,4.52
4do5,5.83
1nfs,9.92
6ak6,5.56
3d4y,5.7
6q7v,5.59
4qtd,5.97
6a3n,8.06
2nwl,8.7
4und,8.96
3t3g,5.49
4pow,6.3
4qmm,6.34
1w13,8.7
5twg,6.17
5er4,2.76
5nud,7.49
5g3w,7.38
5ijp,7.15
5z5v,6.54
4b77,5.1
3eft,7.92
6bu3,6.55
2uw0,7.7
4l31,6.79
4op2,5.93
1o6h,6.73
2vc7,3.36
4ef4,5.35
4raq,6.72
5oss,4.55
5bq0,7.82
1rv1,6.85
5aa8,8.07
1zom,7.52
6qrf,4.48
6b4n,10.55
5nai,6.1
6iby,7.82
6g3a,8.38
1f4x,5.59
4i6b,5.93
5gtr,7.17
2y1g,6.15
1c4u,10.37
5qaa,3.91
5muc,6.04
6h41,7.05
4o78,5.34
3k5g,8.6
6n5g,7.0
4r5t,6.1
4hxl,5.66
4gmy,7.55
4ght,5.78
2vvo,2.2
4dhl,4.48
5ekj,6.0
5nzm,3.9
3zlo,8.82
3l5d,4.11
4k3o,4.44
4f70,5.74
4gzf,8.36
4ago,4.81
3lzu,10.06
4u7v,5.49
2jkq,8.11
4aa0,7.46
4n6h,9.28
6k4x,6.66
4ehm,5.85
2ydi,6.82
6i74,5.47
3g4l,8.24
5fhn,5.9
1hp5,6.55
3mp1,6.1
4obp,7.77
5nvx,7.05
6dyn,3.19
5mql,5.85
2q38,5.23
3ern,1.72
2oht,5.04
3eqs,8.48
1uym,6.0
5iyv,3.87
1o3h,7.3
4ktc,9.0
2iw8,6.99
4j7i,5.06
6e3z,7.76
5n2d,8.22
1i72,7.26
2y9q,6.15
2xn3,5.92
5ags,7.4
5epl,7.03
3mhc,7.96
3hvk,8.52
6gxg,5.24
2ov4,4.74
3kfa,7.6
4zun,4.59
2mwy,6.82
6afg,4.86
3zq9,6.02
4q0l,7.7
3ejs,6.6
2gtv,5.15
1t37,4.35
3jqg,4.74
3i81,7.89
5ih8,6.74
2r1y,4.51
5uig,7.95
1p01,9.46
1ghw,4.2
5xff,8.21
6ckc,8.22
6pid,4.54
4wet,3.35
3fal,6.78
1jwm,3.57
1o9e,4.18
3t1n,6.1
2vvc,8.52
4yh3,4.59
3ads,5.01
5f4l,7.62
1dgm,5.05
3ax5,5.85
4dpy,5.37
5fdd,4.2
1h07,5.52
4dtt,5.54
1d2e,6.0
4nks,7.17
2xke,5.38
4xar,6.97
6ul8,7.52
4alu,7.77
3iop,7.77
5etx,6.81
1h5v,3.93
3b7u,7.74
1gi9,5.22
4afh,9.54
6s9w,7.23
5alx,5.48
2qcg,4.0
3s7f,5.43
5kbf,8.92
4a4g,2.99
1qsc,3.68
2r1w,4.6
3gzn,8.0
4qz2,5.21
6uyx,6.0
3ffg,9.08
2wap,6.64
6d4q,6.08
5u9i,7.31
1qbo,7.74
4oz3,4.55
1y2k,7.68
1nzq,7.96
3ro4,6.23
3s75,6.82
4avh,7.23
5ll5,6.04
4qta,6.7
3bc4,5.35
1cka,5.72
6ftw,6.49
1gt5,6.1
6g4n,5.64
5cap,7.28
3vd9,4.0
1u9v,8.22
1k9r,3.3
5hgc,8.66
5gjd,7.92
4ppc,9.03
3jzq,6.96
3cj5,6.34
1ykr,6.25
5mks,4.77
1ek1,7.77
5xof,4.01
2qtr,5.49
1sqq,7.82
2ofu,9.0
1o9d,5.6
4del,7.68
1d7x,8.52
4kai,7.3
5k1d,4.68
4fys,4.82
4ok6,4.85
3fas,6.77
1pxj,4.89
2o64,6.47
2ie4,10.0
4ob0,5.3
1b58,6.59
4jik,7.74
4qqi,5.52
5ia3,7.34
1ggd,5.8
2wxk,9.3
5igm,7.38
2hpa,4.6
4asy,4.22
6st3,7.03
6qlo,5.06
6cd4,5.34
3sw9,5.38
4qjo,7.4
3l79,2.46
4eh8,2.2
6bqa,5.85
2rnw,2.98
4daf,7.12
3ddf,4.66
3tgs,5.39
4nan,4.72
6hth,7.12
3i25,8.51
4kii,6.23
1dud,4.82
4mqu,8.4
2wik,3.18
1z2b,6.4
6mli,2.43
4v11,6.49
3k97,8.0
4e20,8.22
2p3b,8.48
1kqb,4.0
3tnh,6.46
4u1b,5.31
3u4i,3.89
4q87,4.85
3buh,3.66
3pup,8.22
2x2c,7.72
6ets,5.64
4utx,5.24
3dxh,3.19
4o76,6.89
6joe,7.04
3tpr,7.7
1u9q,8.33
5jq8,5.7
6cb5,5.37
1cw2,6.15
5jah,3.0
5vd1,6.0
3rey,8.0
5v6y,8.47
6d1l,8.12
2nnd,6.06
2rib,2.82
5or9,4.06
5ty1,5.21
4uva,5.75
4cff,6.4
4cpw,7.5
1lhu,8.83
5jcb,4.21
6r49,2.1
3qpp,7.92
1pdq,5.3
1kak,4.59
5ntq,7.47
6pga,4.54
2wmr,4.28
2p09,6.35
3mww,7.24
4jmg,8.82
6el5,6.88
3vha,7.4
5xih,7.15
3pz3,6.85
4ark,7.2
5ecv,6.77
5nw7,5.77
5tbm,7.31
2xuc,4.1
5zdf,5.7
6cjv,5.66
3i06,9.7
1g1e,7.54
5tx5,7.8
4mbl,8.54
5ukm,7.52
5mkj,4.31
4q1a,9.3
3uoj,7.29
3if7,7.21
4bdc,4.93
5v37,9.47
4ab9,3.33
4uiw,7.3
1hpv,9.22
3lik,8.72
1t48,3.46
3f39,1.78
6j5l,8.8
3g5y,7.46
5ehr,7.14
1rww,8.3
4e34,6.01
1sve,8.3
4w7p,7.49
6faw,5.57
6fpu,6.49
5ka3,4.59
3mpt,6.6
4cg8,6.96
4yrt,2.78
3s74,8.4
1eub,8.72
3t5i,6.82
2ovx,8.7
3lpi,8.52
5c4s,8.42
4gue,5.24
6gvi,6.82
3v49,8.02
2wi2,3.46
6hzu,8.26
4o0j,4.89
5ur9,6.05
4ie7,5.05
4ttv,6.68
5emj,7.48
3ozr,5.15
2mas,7.52
6gbw,8.45
6ew3,7.4
4ci2,6.75
1sz0,9.0
3twj,7.84
3c1n,5.5
5oqu,3.61
4fvq,6.0
3hr1,9.43
4wko,9.47
3ztd,4.02
6ez6,7.4
4b14,6.22
2xqq,4.82
1agw,4.7
1cin,8.73
5urj,5.28
1w8m,1.6
4k8a,4.02
6fmk,4.67
3ii5,7.62
4giu,5.33
5etu,3.89
1okl,6.03
3n7o,7.14
1mzc,10.22
1tnl,1.88
6hh5,4.27
2f9k,7.07
3zlx,3.8
5y48,5.85
6p7p,6.15
4rj4,7.8
2fgu,9.18
2ymt,8.0
5v42,6.62
4kqr,3.9
4b60,5.43
3ff3,3.57
5aqj,2.68
3sv7,6.08
4j46,5.28
6dvm,8.52
5a0a,7.7
2ybs,4.59
1y91,7.23
4nq6,4.28
3vyd,6.39
4nj3,6.52
3kr1,5.74
5cxh,8.3
6bin,6.34
4twd,5.08
5zyk,6.74
4ajo,7.03
1xoq,9.17
2j27,3.52
2iw9,8.05
4l70,5.66
2itt,8.77
3i02,7.52
3k98,9.0
5jiq,5.4
1oxr,5.19
4y2p,2.66
1b52,7.12
4g0k,5.37
4cwf,4.49
4iu0,5.89
4c4i,7.66
3nm6,1.35
4o7e,5.24
3f33,3.34
1f57,5.64
5myx,8.16
3rtx,3.86
5kh7,3.66
1dth,8.22
2hah,8.0
2brh,4.64
3iqj,4.93
6i8b,8.0
5j7b,8.3
6om2,7.75
6gvg,6.0
4qtc,6.4
1j80,6.52
1akr,9.09
5j5x,11.02
6oy0,9.3
4uyd,4.1
3oxc,8.41
6d08,5.29
5nt0,6.55
2w8j,2.96
4zek,5.66
5jao,4.0
1pdz,3.7
4k69,7.4
3sjo,5.78
3hl5,4.47
5wqk,6.3
6et8,8.25
5czm,8.32
3ex6,3.66
4z2o,4.51
2vip,5.28
4kpz,2.71
3hqh,4.2
2hob,5.72
6h4d,7.96
5dsx,8.0
6cbf,5.17
1xp0,9.0
5nvf,7.8
6mq3,8.77
5zys,6.27
1dmp,9.55
3svj,6.93
3uzp,7.89
5wrs,5.52
4jym,5.04
4qlt,8.6
5e0m,5.28
5g4m,3.86
3wb4,4.44
6d5h,6.92
4nb6,7.22
3b3x,3.6
1zhy,6.52
4mro,7.06
3zjc,5.05
5j59,7.3
3nf7,3.47
4kzc,8.09
4xv1,8.38
4ztr,8.3
2k0x,5.68
5fos,5.74
5zfi,5.92
5n8w,6.33
1kyn,5.39
4ch8,5.99
1sb1,6.89
1lqd,8.05
6n7y,5.11
4n7e,6.48
6if0,6.51
6bvb,6.71
2pwg,4.82
6cq0,4.46
6qed,7.13
1pfy,8.15
4x3i,3.17
5oa2,5.01
1pmx,5.14
4e3j,8.92
1o6q,7.64
5etq,6.48
5nze,6.39
1ba8,9.0
3tlh,8.82
5goe,4.34
4bks,3.82
1lpk,7.55
4kni,7.78
3tvx,4.14
2cbz,3.93
5v8q,8.44
4ljh,4.71
4y16,7.43
4uwh,8.52
3nw3,6.49
5cf5,8.6
2oah,7.96
1idg,7.19
4c5w,5.48
3vhu,7.31
4q1x,11.15
4jrv,7.54
2k00,4.62
3rx8,6.21
1a3e,8.46
5brn,6.3
4r8y,6.19
2gpp,5.7
5c6p,3.7
5hva,7.07
6guk,6.15
6nad,9.3
4bcb,8.52
1tqf,5.85
4fp1,4.57
5nk9,6.14
2ypp,4.41
2ves,7.7
2xyn,8.4
3wnr,6.28
1b3f,6.89
3ho2,6.95
4uyg,7.6
3ovz,8.06
1tcw,6.02
6gg5,3.65
4lwu,8.3
3zt3,2.86
4bky,7.92
6h29,5.62
2mov,7.4
5wi1,5.0
1ung,6.8
5c5t,3.13
4z7h,6.66
1t31,8.64
4qvl,6.53
6k5r,4.27
5aac,8.89
3ipb,6.7
4ai8,4.0
6mm5,4.54
1iup,2.54
4fli,5.44
4f6v,5.8
3zzh,3.36
5zhl,6.72
5f29,5.05
3duy,5.85
1i8z,8.9
6ekd,6.44
3ufl,6.82
4u0a,4.3
2fes,9.01
4o24,4.3
1yfz,4.35
6hwz,5.17
5ldk,4.17
4lov,7.77
5whc,4.92
6rot,6.32
5vgo,8.7
4mse,6.16
3uza,8.94
2kup,6.7
4qt1,8.15
2h5d,8.19
1w11,8.22
5qqp,8.28
1o4g,2.3
4phu,7.92
2f4b,7.3
4mjq,3.71
4c8r,6.82
3cdb,7.02
2n14,5.33
3hp5,7.15
4lm4,3.04
1lf2,7.52
6g4y,8.82
6n3z,6.59
2x7t,6.63
5k0h,7.09
5f01,6.38
5aqo,2.85
4c66,4.1
2w5g,6.07
5t4h,8.03
4dsy,4.43
4n1u,8.3
6mwe,9.2
5l3f,6.33
4n98,3.55
4awp,7.09
2h6q,5.11
4dko,6.52
3ril,3.84
6eiq,6.42
4b0j,2.15
5f02,7.44
3sax,6.57
3iux,7.6
2a5u,8.1
5ir1,5.27
6bkx,6.39
6n5h,6.45
4bae,8.52
2zmj,7.52
3udj,3.62
4mho,5.08
6bgv,6.74
3qcs,6.5
5u0g,4.58
6b0y,4.19
1ths,7.54
5nfh,7.74
4lm2,3.03
2dxs,7.34
3fty,3.21
3asl,5.76
4anw,7.74
3piz,5.46
2wxj,9.0
3jqa,4.46
5ll9,6.08
3vvy,4.84
3pck,6.7
1u3q,8.46
3mi2,7.77
1ocn,6.39
5iwg,6.46
5lvr,3.6
5wqd,4.77
4wnk,6.42
6mo9,5.81
5lgr,7.09
6njh,3.69
2adm,5.7
6nel,7.96
5cdh,5.37
4x0z,3.15
3iqv,5.18
3ti3,8.74
3kec,7.24
3avi,3.3
4hgl,8.1
1qca,5.27
1xxh,6.11
3fc2,9.06
4z1j,8.11
2f5t,5.17
2f9b,6.52
6eu6,4.39
4b4m,6.69
3axz,3.43
5xwr,5.98
1heg,7.74
1h1b,9.8
1btn,4.4
5wic,4.64
4u90,6.54
3qxp,7.7
4aj2,2.38
6s07,7.4
6di0,5.22
5ksu,4.08
3ekr,7.52
1jgl,8.7
2qju,4.1
6qaf,7.42
4zsp,5.74
5xmx,7.24
5ivf,4.4
2h2h,4.98
6n7z,5.55
2loz,4.06
3arz,6.0
1yw2,6.85
3qsb,5.08
1o3l,6.54
1ec1,8.92
6fzg,6.55
6g2m,7.82
3egt,8.9
2wi3,3.46
3qtf,6.96
3tvw,4.43
6mla,4.38
4qzw,5.15
5ksv,5.22
5wb3,7.22
5u4c,6.0
5oh4,4.55
5n2x,6.06
2c6o,8.22
4az0,7.42
5w5s,7.77
2mpm,5.89
3fyj,8.3
1tpz,6.19
1sdu,10.07
6iae,4.7
3ibc,4.91
5w6o,6.28
5h2u,8.15
3ex2,3.7
4bny,7.1
3f48,6.29
2xmy,9.96
1ym2,8.0
1pun,7.28
6tel,9.96
4pdk,8.22
2wl5,4.52
4hrd,8.82
5n34,4.63
5dgj,4.73
4u82,5.72
1fsw,6.49
2xtn,7.4
4oaz,5.77
5j9k,5.85
5nba,7.3
6g2n,7.14
1y3g,7.4
6n8x,5.7
3d1z,8.8
4mwq,9.1
1y3p,4.82
1unl,6.7
2c8w,8.43
5j64,6.85
3m37,9.04
5zdb,5.75
4fzj,3.15
2w78,8.57
4lxd,7.23
5hdu,9.0
3o9a,10.7
2xzw,5.29
2zx7,10.49
3ocg,8.52
4qp7,5.23
1xh7,6.82
1nnb,5.0
5osk,5.6
3v51,8.55
1ewj,7.49
6sfi,7.59
2yem,7.81
2ccc,7.76
6ee6,6.67
2g9x,7.35
5db1,7.66
5ttf,6.21
5d3n,5.04
3hll,8.24
3a3y,9.15
1jq8,6.0
5yvx,5.89
1ryh,7.56
6i76,5.07
5trj,5.92
3hxd,5.05
5brz,8.15
3arf,7.19
1gfy,5.08
4cik,6.43
2m0o,5.38
5jat,6.64
5eq0,5.92
6cf6,5.24
1q3w,8.4
2p99,5.94
4ewr,6.27
3aqa,4.55
4lqy,3.89
4ui8,7.6
5e1o,5.43
4jfw,6.34
3wp1,4.85
3s1y,6.22
4wxi,8.08
3hqw,7.46
3ery,5.66
3o9d,10.72
5nzo,2.24
5nk8,6.64
4ts1,4.94
6cgt,6.0
6htz,6.74
4mx9,8.59
3qpo,6.61
5q11,5.14
6moo,9.17
1hqf,5.0
4v01,8.11
4c35,6.25
4dfg,11.74
3fv3,9.52
1d7i,3.6
3ua8,7.85
3caj,8.1
5ody,8.4
5ti0,4.21
6hm1,6.04
4hev,6.34
2gh6,4.95
5ufp,7.37
3m2w,8.52
3rv3,2.0
2xyr,6.13
3k1j,6.4
6r4k,5.07
1nlt,4.92
2zga,6.32
3coh,8.4
6ayo,8.29
2y7z,8.7
6i97,8.18
1a86,4.0
4nku,4.67
4ib5,6.25
4i06,7.17
5f95,8.01
5i25,3.49
4zo5,9.82
6aps,6.66
1jp5,9.22
4zg7,8.7
2bvs,4.1
4az3,8.3
3gv6,3.3
3hf6,7.59
6psb,4.1
3bhb,8.47
1dmb,5.74
6g6w,9.7
1uu3,6.12
4b7z,4.31
3n49,5.15
3tf6,6.4
6bij,6.05
1nhx,5.68
1u59,7.25
5zde,5.75
3b8z,6.54
4ega,7.19
2dua,4.77
2cf9,7.82
6apr,7.77
5ewj,6.89
2cej,8.62
5yu9,6.74
4gmc,7.74
3pa4,8.52
6gzh,8.27
3a2c,6.9
6cdp,8.79
2onz,8.89
5q17,5.25
2x5o,4.07
4oho,7.77
1azx,9.4
6oxq,11.3
3iny,3.66
1u65,7.58
4lph,5.04
5y59,5.29
5flo,3.15
3oim,6.74
8abp,8.0
4d8c,8.7
4nga,7.77
3zcz,6.77
3hc8,8.54
5mek,5.38
4hy5,8.89
3usn,6.15
4c37,7.71
4qw3,6.61
3be2,8.7
6apz,6.82
3rdh,5.03
3eyf,7.03
4eos,6.05
1xq0,6.34
2idw,8.89
1ni1,9.05
4abj,7.47
1biw,6.98
6c0n,8.37
5swf,6.26
5yjo,7.17
3zbx,8.22
5q1h,5.1
4h4e,6.68
5bwb,5.3
5vm0,8.8
5v13,7.63
2va5,4.07
4nw7,6.63
1zzl,8.3
6itj,7.97
3d6o,4.11
1bl6,6.8
3tk2,4.62
6bkw,8.3
3h0z,8.37
5ta4,7.62
2gv7,7.85
1lt5,2.7
2c68,5.74
5eek,9.1
5aqh,2.46
5kk8,5.84
1rt9,10.25
5cte,7.8
3oap,6.26
6bw2,7.68
4zuo,6.41
2ozr,9.17
5tl9,9.0
5wcl,4.52
1c6y,9.51
5tku,9.8
4yrr,2.7
6bcy,4.81
5jn8,7.3
4im0,7.72
1jcx,5.15
6evn,4.71
1hq5,5.65
4i0z,6.33
3k5c,7.77
2won,6.2
4azt,4.17
3dxk,6.33
4kow,4.31
5vqw,5.7
3g72,9.1
4ty6,7.52
5nvy,6.12
6afj,6.28
1hvl,9.95
2p3i,3.48
4nrl,8.62
2nd0,3.2
5n49,6.33
2vex,6.74
6c7x,7.19
6mom,9.52
4ksp,8.8
5ijr,3.2
4c0r,4.91
6bl1,6.96
2xh5,7.57
2jfh,3.06
5ick,5.01
6f29,5.49
5gso,6.96
7gpb,5.52
4usw,2.69
2y57,6.89
4lnp,3.67
5jlz,5.82
3qcq,6.8
5l01,7.48
5o07,7.47
4rvr,6.87
3s73,8.7
5vgi,6.98
4c1w,9.41
6b7f,3.87
6azl,4.93
2jo9,4.28
5vnd,6.49
5nk7,6.33
5o9o,4.89
2j79,5.96
5i7y,7.28
5may,6.48
4joj,3.96
5xyx,4.84
5zh4,5.14
5wh6,7.92
1udu,9.05
4yw2,2.8
2ypi,4.82
2i1m,7.62
6b8y,9.66
3ap4,3.92
4q1y,10.35
3ljt,6.89
2ndg,4.71
2xix,2.3
4l5j,3.0
1xuo,7.16
3ske,7.77
1shc,7.28
3r4n,6.89
3lpg,6.16
2jb5,9.22
5ymx,6.92
5uuu,7.74
2vr4,5.68
6n7d,9.52
5yic,5.89
4oti,7.37
3vb6,4.41
6eh2,4.0
4pnu,4.89
4klv,3.78
3tam,8.43
1jvu,5.15
4dpf,6.4
6qae,8.52
3iet,6.85
5c7c,5.26
4ke1,8.6
1b1h,7.03
4xbd,6.4
6cjr,9.52
2yga,4.61
5gvp,6.78
3qyy,5.08
6nd3,4.59
4qp8,6.55
6eux,5.92
6iqg,8.0
1hvk,10.96
6hmr,6.83
2fmb,8.7
3a73,3.38
6mo1,6.54
2r2w,4.47
6prt,2.67
3v5q,7.4
4bak,8.91
3g1m,6.3
2j7b,6.62
6cho,6.78
3zly,3.52
1gcz,5.13
2fsa,5.3
5mwh,5.74
1ikt,3.4
5eh7,3.48
4kwf,4.82
4jrg,6.71
3f8e,7.23
3d7b,3.69
1ysg,3.52
2xj1,7.55
3l7g,3.3
4epy,3.47
5k7h,6.0
6iiu,7.96
1n9a,8.66
2fwz,7.3
3dcc,8.96
1y3x,5.14
1sm3,4.62
3dpd,5.78
2yjb,7.02
2piy,7.7
4q08,6.3
4keq,3.82
5t8o,6.51
4qh8,4.89
2hk5,7.34
1hqg,3.0
5lxp,6.12
6i12,5.57
5a46,7.66
5g57,8.4
3ow4,7.66
5a4q,5.54
6rj2,7.0
5hz5,7.07
4rg0,7.3
6t1l,4.77
5e3g,4.3
2pk6,10.89
6ei4,5.28
1d6s,4.11
5d47,7.0
4elh,8.09
3ddg,6.0
2fxu,8.15
4b1c,7.1
3iqh,4.59
3msj,3.11
5csh,3.57
2wxq,7.47
2qi0,7.38
3d1f,5.74
2g00,9.74
3hu1,6.89
2fw6,2.92
1j19,7.79
4hdp,7.51
6uyz,5.36
2hzn,7.39
3n8n,4.57
3saz,6.1
4bc5,4.6
1hn2,6.0
5nmg,5.75
3psd,8.52
5mnc,1.31
2qqs,6.4
4ipn,3.39
1f74,3.05
1tnk,1.49
2ha7,3.36
3hvg,2.7
2r4b,7.18
6cnk,7.77
2xm1,5.07
4egh,3.26
4rj5,7.18
2h03,7.05
3kx1,7.0
5t8r,4.29
3zc6,9.22
4tkn,5.89
3s71,8.64
4qok,5.19
5ivc,5.92
2azm,5.66
2v3u,3.0
2ly0,4.8
4mk0,5.2
4loj,6.52
1udt,9.3
5n55,5.99
2wo8,6.28
6d59,7.0
3wdz,6.92
4dlj,5.92
1hmt,5.79
5tzx,7.28
4n9d,7.72
3qxh,5.24
4zzd,6.6
4eeh,4.35
5yib,5.48
1jws,4.85
1kzk,10.39
2lsv,5.27
4ikn,4.85
4g8r,7.66
1afk,6.62
3qtq,5.51
1o3k,6.77
1g2a,8.0
6oin,6.0
4q9z,7.26
6p5v,6.7
4oak,4.22
1enu,5.08
4j0v,7.55
4awf,5.57
4dfb,4.6
5g1p,5.2
5etk,5.82
1bcd,8.7
5mpk,8.52
3f6e,2.38
6q37,6.36
1db5,6.82
5wep,6.36
5xkm,7.62
2chz,7.8
1nyy,4.68
5ett,6.23
1wss,7.77
3uli,7.15
4ivt,6.0
6p7q,5.36
4bbg,8.32
4jaz,5.04
3w2o,5.08
5e74,4.41
2zyb,7.7
3qa2,6.68
3fyk,7.4
4tju,5.44
3ksl,4.52
2y56,6.51
2vwy,7.05
1r0p,8.0
6ipi,5.71
2y54,4.7
3ftz,2.7
6dyv,10.59
1ke6,8.24
5fnq,3.0
3li2,9.0
3l6f,6.99
6n4b,10.01
5nw2,6.49
6a87,3.15
3upz,5.6
3djx,2.81
1hbv,6.37
1gx4,4.28
1jfh,2.05
2va7,6.7
1lf8,5.46
1cgl,6.87
3g0g,8.3
5av0,3.55
4rwk,7.19
5u4g,6.1
4drk,5.08
5qaj,3.48
1jiz,8.7
4y2y,5.05
3cen,8.26
3lpt,4.91
4vgc,6.9
5afm,4.15
2gga,1.96
1onz,5.1
3ans,6.25
4dn0,5.72
2g1y,7.05
5f1c,6.13
6f09,5.97
5f91,5.2
1ljt,5.15
4psq,6.36
4g0a,7.6
3v8w,8.07
3ck8,3.84
5qik,7.66
5mnx,2.48
1xk9,6.85
2hzl,6.57
4orx,3.53
1ow8,5.4
5ckr,7.76
5ehw,3.0
3rxj,3.06
4ggz,10.18
6ay5,7.16
3kr0,4.7
6h1i,7.36
3fue,2.82
2a3b,3.33
2r3k,7.0
1nhz,6.08
2qf6,6.49
4m48,6.81
1swn,12.0
4z0f,5.77
4exg,8.07
5knj,6.94
6f94,7.0
1nw5,5.21
3uw4,7.77
6nk0,6.39
2aa9,2.92
2hwp,7.14
2yq6,7.35
6nkp,6.52
5fxr,7.42
5vih,7.49
5t1k,6.28
3m5a,4.96
2ya6,5.7
2ym3,6.0
6qfv,7.31
3c94,6.87
6cea,3.14
4x0u,7.4
2viz,6.22
6p5o,4.54
6pdj,7.38
3l5r,7.42
4cmo,9.07
2iyf,3.75
2x7s,5.78
5er5,3.67
3nnw,8.05
4w4v,6.94
1rt2,8.22
3px8,3.64
2pvk,8.3
5lvq,4.14
2fj0,7.66
2wev,8.0
5t9u,7.6
4bo3,6.52
3ie3,6.68
4d2p,5.68
4nwd,5.4
3oqf,7.04
4xmr,4.07
6bl2,7.39
1nu8,5.42
5i59,6.95
4bup,4.95
2kdh,2.96
2l1r,3.57
5q0w,7.24
4b84,4.66
2nt7,6.52
5ou1,6.07
2jst,2.59
4kfq,8.23
5ow1,4.15
3i91,3.3
5xaf,5.77
3rw9,5.96
6ezg,7.69
5a0e,6.53
4rrq,5.47
5fqv,6.21
4yrs,3.07
1j4r,7.72
3eq7,9.09
3msl,5.15
3bm6,7.59
4hod,6.1
5v5o,4.14
1xnz,6.62
5uyu,9.51
4hgc,10.0
3bu1,8.15
5ot8,4.2
2nm1,7.47
2z94,5.85
4wwn,6.07
4f1l,5.12
5dgu,11.35
5w0e,9.03
5o11,6.67
6iar,7.6
5hn9,4.3
2r5p,8.48
2or4,5.02
5x13,5.21
4fci,1.26
4o7f,4.89
5gu4,5.47
1msn,9.09
3vx3,7.82
4pml,4.52
4elg,8.16
5aki,6.12
3oki,7.15
2v22,5.39
2xez,5.82
6ckx,7.89
2no3,8.05
6o0p,9.96
5db2,7.6
6dcz,7.17
3kqe,8.09
3ggj,6.0
5mi7,7.11
1oiy,7.19
2w3l,7.52
6mxc,5.56
4hz5,5.92
5jxq,8.15
6hrz,4.0
5gg4,5.82
6oyt,8.23
6md0,5.9
3p9j,7.51
6saf,6.64
6dvo,7.22
4fc0,7.16
5jzi,4.8
3lpf,6.68
5eb3,1.45
4z0q,8.17
6c9q,5.1
2pem,3.64
5vfj,4.7
1vyj,7.0
6q96,10.0
4uvv,7.49
2y4l,6.3
4ibf,4.43
5jqb,2.22
3eky,9.64
6p86,4.7
3tjm,5.2
4zyx,8.15
4xhe,10.3
4euv,6.3
4mrw,3.3
1uyf,4.52
3ibn,7.61
4qaa,6.44
2vk2,6.89
4x1f,7.97
3t3e,5.99
5kya,8.22
5ha9,5.78
2gz7,6.52
3mp6,5.96
6qfe,7.1
1b6h,7.82
5ewh,3.77
4c4f,7.59
5ggl,1.78
1iwq,8.06
2vr0,4.42
6c9s,7.32
4kbi,7.49
2x8i,6.72
5jfp,9.32
1okv,6.17
4dcd,5.75
2q9m,7.21
1xlx,7.6
5uc1,7.85
1qpb,1.36
5tcj,7.38
3rux,9.28
3q6z,3.72
5w6i,6.9
1sdv,8.74
2kfg,2.92
4dwb,5.74
5gx7,5.56
1m1b,4.66
3uik,4.97
3oct,8.3
3mw1,9.09
3biz,7.24
1uz1,6.89
1d04,4.59
5dy5,6.79
4hdc,8.92
3d7k,4.6
5t5g,5.89
6npf,5.85
5ejl,6.62
5k1i,8.04
1xn2,10.52
6ey8,5.81
3k8o,11.07
6fam,4.01
1inc,9.34
5sys,7.36
4z2p,4.6
1ind,10.05
1il4,2.85
6haj,4.97
4o0b,8.3
5y94,6.79
3bcs,5.21
2ovq,7.15
2vwu,6.46
5vrp,8.89
6e6v,7.77
5v9t,7.35
5uiq,4.26
3f18,7.4
4dro,5.41
1ow7,5.4
3tl5,7.85
3qrj,8.4
4ogi,7.43
5b2d,4.25
4bdb,4.07
2ow6,2.7
3l3a,6.38
3e12,5.99
3ik3,8.7
4tki,6.38
1phw,3.3
5yc8,8.19
4kn0,7.4
1jet,7.25
6b1j,7.37
5dl1,5.0
6eb1,5.33
5d75,6.7
5hes,7.54
5dg6,5.07
4re4,6.87
2uw5,7.51
5g4n,4.0
4bdj,5.14
1a42,9.89
4zx1,6.14
2pmn,5.2
3qiy,5.34
6ee4,6.69
4cq0,5.09
1p6e,2.92
6gzl,5.14
4ce3,3.96
4xh2,8.22
4wmx,4.85
4joh,3.35
6h4x,6.88
5a14,7.3
1h79,4.89
4yv0,3.28
5n7b,3.77
5h63,5.92
4jlg,8.7
4rra,4.87
4ijh,4.33
1yxd,5.3
3o9e,11.3
1e06,5.6
6gxe,8.05
3drs,9.3
5enk,8.1
6fc6,5.25
2i3z,8.7
5lj2,5.0
6d17,4.82
3q3b,7.76
3fvh,6.35
5ism,9.15
1jh1,4.39
1qj1,8.05
1e6q,3.15
2p4j,8.96
6h96,8.68
4ddl,8.31
4jbp,7.39
4nvq,8.48
4zt8,4.39
2jql,6.52
3nuy,3.46
2c0o,5.91
5y1y,6.01
5q1i,6.24
4m8t,6.43
5d1r,4.84
1xr8,6.7
1sw1,7.3
4p6c,4.0
2ay5,2.59
1i7g,6.0
5meh,6.32
5m4c,7.4
1ax1,3.29
3wf7,6.69
4lbp,4.94
5y5t,6.68
2gfs,6.15
5j27,6.74
1d3q,6.54
5e2p,8.8
2z8e,8.0
4x6i,8.0
5lpm,5.56
5nwc,6.15
2mg5,6.15
3iw5,6.08
3t8v,6.59
6ccy,8.52
5cav,6.67
3io7,7.77
4pms,8.1
4umb,4.0
1bn3,9.89
2bve,3.67
4i7c,8.22
3hxf,4.96
1hi5,4.04
4hxw,8.7
5wys,6.7
3udy,5.7
6giu,6.66
4q0k,4.87
2ycf,10.52
5hvt,7.26
4jdf,2.19
5h15,5.8
2qky,9.61
3h6z,5.82
5o87,6.61
6hov,3.3
5qam,4.0
2fw3,6.42
4wr7,11.7
5ory,3.45
5mtw,5.72
5m2v,5.4
4yw6,7.08
1bkm,5.74
3w0l,7.02
1n3z,4.2
5jnl,6.57
2z4o,9.57
3cjo,8.66
5npe,4.0
5ewm,7.92
1v0k,5.1
1xh8,5.77
1vjc,3.58
5zxi,9.15
2rc9,7.4
2bu5,7.78
1oqp,7.3
1bio,5.54
3zjv,6.27
3wk8,4.31
2gfa,4.98
5n31,5.79
2vwn,8.0
6eox,6.85
4eu0,6.4
4j8t,6.77
1jtq,8.07
5ufs,8.49
5kbi,5.39
4kju,8.22
4g0c,7.92
3w5t,4.52
6g8k,4.45
5h5q,5.74
3t6y,5.52
5ais,6.24
2w4i,6.3
6ge0,8.68
2a14,5.7
1m6p,5.1
3orn,9.62
4mnx,4.75
5nfa,5.25
2hkf,6.38
1py5,7.29
5m5q,7.05
3hmp,5.49
2qve,2.32
2onc,7.89
2jk7,7.17
3lxl,8.3
2r8q,3.24
6n55,7.87
3fdn,7.48
5vkm,3.55
2ms4,4.82
5f9b,4.26
4cpy,6.31
6gmx,2.17
4hxz,6.05
5ywg,8.34
4iue,6.55
1gux,6.96
1yqy,7.62
4azy,6.7
3alt,2.92
1elr,4.96
1tvr,7.48
2xe4,7.16
3twv,4.76
5trf,9.06
4zgk,5.51
3twx,5.26
1okx,6.8
1mu6,8.38
1nax,6.43
4mi9,3.42
3so6,5.39
6gjm,3.58
4oks,4.48
5vgy,4.18
4xuz,7.36
5dde,7.19
5wb6,10.7
4dxj,7.42
5jo0,7.3
2p16,10.1
2r3n,7.15
2ccu,6.13
5mxk,3.39
5ekn,5.72
6fmc,5.88
3k5k,7.64
4w53,3.99
1ihy,3.74
3rxe,4.76
5dh4,7.24
3ooz,7.85
5byy,7.01
5jzs,3.27
3cwe,6.92
3qi4,3.93
1a61,8.62
5znl,8.77
3r8i,5.35
2x9e,6.74
3ao1,2.26
4fod,8.92
4qp9,7.15
5dq8,4.14
3puk,4.74
2uy4,4.68
6h7n,8.46
5nra,6.91
4r4i,6.27
6ej2,7.8
3pcb,2.4
5izm,5.92
4fgy,6.3
1qbv,5.39
2f1g,7.54
4nuf,5.3
1qkb,7.35
1a28,8.29
5vfd,6.44
6afl,7.0
2xyf,8.44
2am4,3.72
6hzd,9.17
5zyh,5.57
2nmz,8.37
2wcg,6.38
3h9f,7.92
4bxn,8.0
2auz,9.46
5tzz,7.85
2aq7,3.3
5lz5,6.35
4kax,4.77
3l2y,4.49
3tmk,6.87
5uwn,7.87
5khx,7.85
5v5y,7.87
3g86,8.3
5ma7,3.47
3pqz,4.46
1a7c,4.0
3f69,6.0
3qcf,5.6
5win,7.03
4uvy,8.26
3jzg,4.4
3t6b,6.36
4wx4,9.22
2ycr,7.16
5u6c,10.3
4w9p,7.8
2g0h,7.64
5isl,7.28
3zw3,7.47
2lsr,5.24
5lyn,5.04
4pnl,5.52
4wwo,7.42
1oay,5.92
4zx8,7.1
1yw8,8.0
1mwn,6.7
2nnk,8.37
2wxn,7.68
4bcs,6.99
3tcp,8.37
4di2,8.26
1oeb,6.93
3dgq,4.92
3rk7,6.7
1nyx,7.04
6mr5,7.3
4o55,5.3
5i3w,9.22
4kp0,8.65
2izl,6.0
4ea3,9.57
5l6j,6.7
4do4,7.29
6j7l,4.5
4en4,5.52
3ama,6.53
1ppk,7.66
5dnu,4.11
2ea4,7.34
1hdq,5.82
2f18,4.1
3fl8,7.27
3ctj,7.46
2m3z,6.57
5c84,6.19
5lb7,5.05
2wl0,7.8
2rnx,3.4
4wef,2.59
5eh5,5.87
3qc9,6.06
6pt3,9.41
5alu,7.66
3t82,7.0
6mub,7.0
5ktx,7.7
5ylv,6.82
5fgk,8.77
5y12,6.23
4e3o,6.51
4oyo,3.52
4mwc,5.87
1f28,7.8
6c4d,9.04
1msm,10.48
6pvv,5.85
3fbr,4.82
6cvf,6.35
1vyg,8.0
4b0c,2.07
6arm,4.97
2y58,5.5
6f34,4.94
3rk9,6.28
4n8q,3.42
3mrt,3.7
4gm3,9.0
2ogy,4.48
4q18,6.13
4q4e,6.72
4ybi,6.6
6bx6,6.48
6n4t,8.09
4bxu,7.0
5fue,6.33
3n45,3.3
4ncn,5.67
3o0u,7.92
1czc,2.82
1lv8,5.46
4kyk,4.74
6f3b,6.56
5uoy,7.57
2nsx,7.2
2sfp,1.7
3zst,1.72
2gtk,6.6
6agp,5.05
6oqc,10.4
4xc2,5.37
5ne3,7.84
3kd7,3.7
6mvu,2.89
3mxe,10.01
4jsc,7.13
6aak,9.15
3ipy,6.29
3czv,7.8
4lwv,8.22
5lo6,7.27
4tk2,3.72
1w2h,5.0
4obq,7.19
5t2g,8.1
5c42,8.72
5a3t,8.4
6pve,7.37
4bdf,4.09
1ec9,3.1
1pzp,3.31
1i43,3.7
5c5h,6.4
2ipo,5.06
3uec,4.21
2o4j,10.1
4flp,6.72
3t85,7.95
4xyf,9.0
1ghy,8.1
6bh3,4.92
2vpp,6.12
2xng,7.22
4lp0,8.0
5wzw,5.91
3uug,4.51
1so2,9.57
2y82,8.4
3k26,3.4
3zyb,5.38
2j6m,7.96
3owd,7.52
1swk,12.0
3rwf,6.52
1d8f,7.74
4wrb,6.19
4quo,7.92
1lhc,10.4
4g0z,2.21
5ihh,6.41
4jai,8.4
1ai7,4.09
3t64,6.7
3uok,9.1
3m5e,7.37
5ave,5.44
456c,9.77
1gym,2.7
5qav,4.15
1tl3,6.2
4rj3,7.03
5j79,8.52
4uib,9.0
6mv3,3.33
3f3t,4.59
6ex1,7.31
5neb,7.77
6peb,8.57
3fqh,6.24
6czb,4.33
5wbm,4.7
1m2r,6.46
3nzu,8.85
6rna,8.3
1pf8,7.51
4rvm,9.0
5nhv,8.55
5em3,3.7
4rwl,8.1
6o1g,9.0
6dtx,8.35
5xmp,7.37
1vik,9.52
2gcd,5.52
1fig,6.22
4rqk,5.82
3cn0,5.51
1k1j,7.55
6h4s,7.42
4euo,5.05
4aaw,6.3
3uh4,7.96
3s3m,7.4
3jq8,4.46
2wih,7.35
1g30,6.85
5y20,4.52
4dk8,5.74
4p74,5.0
4k64,3.0
6e13,6.7
6gzy,3.4
1nl4,9.41
5c3k,3.96
6r8p,4.48
1utj,3.84
2zzu,7.41
1uod,3.11
3oy3,7.45
4ek9,4.42
6r13,4.7
1i37,9.57
4qtl,6.92
1ogg,5.19
2xzg,4.74
5xpo,7.08
6b1c,6.95
4n6z,7.8
4x6m,8.24
2brp,4.0
6rnu,4.0
4bdt,8.96
1x8r,6.12
3tzd,4.28
4hwr,6.74
6g4m,6.6
5dv4,2.47
1ulg,4.21
4ca6,6.74
5ajp,5.3
4owo,4.47
3kf4,9.3
1w0x,5.3
6mlo,6.1
1owk,7.63
2an5,5.68
4awk,6.89
4f20,3.29
4dq2,7.52
4nw2,4.54
5qb2,4.15
5ald,5.97
3mxf,7.31
1yk7,7.72
4jhz,6.02
6f2n,6.7
4n4v,8.7
5tr6,8.49
5z5f,2.17
4b3u,5.33
1pme,9.4
2jt5,7.74
5i2f,6.49
3qk5,7.74
4j7d,4.7
1t4e,7.1
2y67,3.53
5htc,6.82
3u4u,8.52
3k5i,4.7
4ca4,7.18
6qe5,5.12
4whz,9.0
2g83,5.92
6c5h,6.43
5d1w,5.12
1jak,5.57
4kmd,5.41
6eku,4.28
4j1c,7.31
4bcj,7.96
5qah,3.84
5o1h,4.85
5sz2,8.7
4meo,3.6
4qvq,5.2
2obj,7.3
2ao6,9.28
6hol,5.72
1axs,7.77
4kb8,7.89
3vrw,9.39
5nzn,3.66
1nli,3.59
5aqv,3.43
1ywr,7.89
5dhq,5.7
2kgi,6.12
2k1q,6.22
3bl9,7.18
2ygu,6.49
3u4o,7.28
1hef,9.0
5m7t,5.41
4r06,6.29
4d8z,6.29
5abe,3.05
2c4w,4.7
2y3p,5.89
4hcu,8.0
1mes,7.7
4jjq,5.03
4i4f,6.19
6rj3,6.4
1sqp,8.2
6fv2,4.3
1cp6,5.0
6jao,4.86
6q6m,6.89
4j06,5.34
4zx5,6.19
5uwp,5.8
5fsx,2.72
4mo8,8.0
5mk3,4.05
4j44,5.73
5kv8,4.84
1uk1,7.22
4fzc,8.4
4us4,5.32
4akn,6.1
6uh0,6.07
5tyj,7.46
5hgq,7.34
4q15,7.96
5xig,6.38
4owv,4.35
6o7g,5.96
1x8t,7.8
2vh6,9.7
3rxl,2.62
6cee,4.19
6udi,10.0
3cgo,5.52
5llo,9.4
2zb0,6.62
3hxe,5.33
3as0,4.55
2e7f,6.1
5ehn,11.64
6jag,4.5
1ele,6.85
3sgv,4.46
2g9r,6.08
1oif,7.72
4frs,8.77
1y3n,5.55
3nal,8.1
4aa1,4.12
4kzl,6.15
5cin,7.74
3p1d,2.64
5npr,4.9
3g6g,8.55
5zkc,8.19
1xbc,7.92
3kiv,4.7
4hbp,8.42
4kin,8.32
4ocz,9.18
4qem,7.8
4tun,5.41
3i5r,4.4
4ir5,6.21
3ps1,10.17
6qgj,9.0
2hs1,8.48
6jz0,7.82
3zpr,6.65
3rm4,5.77
5ocj,4.82
1mwt,1.88
3vtb,9.3
1mau,11.3
2bxu,7.15
3bgs,9.42
5ekx,2.03
3mtd,3.47
6dh5,11.3
4y8x,8.43
3uo5,7.41
2c9b,5.54
5kr2,8.48
5z1e,8.3
4ht6,6.21
2g6p,6.22
5wae,6.8
3lk1,4.26
2euk,6.6
6hzv,8.22
2az9,7.66
2v54,4.6
5dpx,4.46
1kkq,6.62
6g92,4.12
1jd0,8.24
5ost,4.56
5vdt,4.68
1ecq,3.0
3zlv,3.52
5n9l,7.82
3pty,5.44
4m1d,7.64
4ebv,5.38
1haa,8.7
1gja,5.42
3cso,5.77
4mzl,5.62
3fuh,2.7
5myl,5.0
3sr4,6.54
6ep9,6.84
4ith,6.5
4xxh,5.0
4fic,4.7
2h9p,3.72
2kwn,5.13
5jfd,9.54
4q1w,11.7
6qlt,4.04
4a9m,6.3
3khv,1.85
3pcf,6.05
5iql,4.56
2vww,6.62
3dej,8.0
4c70,3.52
5yqo,6.09
1hqh,6.3
1lyb,11.42
6mo2,6.68
4yqm,7.51
5oa6,5.51
3er3,7.09
1owe,6.2
5ets,5.91
4prj,7.14
5uz0,7.8
6hcw,6.89
2y76,6.36
3d9v,8.22
6h7y,9.46
6hq4,4.65
1my4,6.98
3fu6,3.97
5umw,4.23
1h1s,8.22
6do1,8.08
5anq,5.4
5mym,5.41
1w51,6.3
2xcn,6.92
2xu1,7.66
1ym4,7.41
5akz,5.26
2fxr,7.6
2nmx,5.57
4yur,9.8
2weh,5.95
1lah,7.52
2ama,8.0
2r43,6.0
3jup,5.58
4cli,8.89
1e72,3.22
4o2b,5.74
2vj7,7.4
4gr3,7.81
3myq,7.52
4tz8,3.3
1nzv,6.4
3brn,8.7
4tsz,7.0
6qk8,4.85
4kab,4.03
3h59,7.89
5fhm,5.09
5c4u,8.72
2qo1,5.57
2ym7,6.89
1ag9,9.0
4q1n,9.7
6jb0,7.24
6bfp,7.7
5w5j,5.82
5f94,8.47
6gfm,5.47
2ha6,4.32
1hxk,3.4
4btt,8.84
2wi1,2.4
2nsl,4.68
5ifu,4.47
2qv7,3.66
6hx1,6.52
3ime,3.0
3qs8,4.74
6iyw,7.23
4jlj,6.13
3ryx,8.14
2l8r,3.92
1wdn,6.3
4lp9,6.21
2x38,6.89
3kpv,3.74
5jzn,5.96
2fqo,6.43
5c4l,5.64
5u4e,6.35
4qxs,5.96
4q19,8.05
2qn2,4.55
5d7c,6.85
6e7j,9.48
3r9d,4.15
4bib,6.6
6g5u,6.4
4hnc,3.17
1e4h,8.41
1vkj,4.85
4qwf,6.0
6bgx,6.33
3owb,7.72
3r01,5.24
3me9,6.3
1i7i,6.7
4pge,7.77
2q8m,4.03
2wk2,6.82
4zqt,5.64
2w7x,7.62
5tv1,7.24
4o45,4.15
5vdp,4.05
3vrt,8.57
6jn4,5.69
4bf1,8.62
5lsg,5.4
6evm,2.82
6dim,2.14
3q43,7.37
6oco,6.32
3dd8,7.85
4mnw,5.76
2xlc,2.3
5osl,3.43
4aro,6.8
5i23,7.29
1o5g,4.96
5qcm,6.96
4htp,5.62
4u7q,9.74
5aer,4.4
2owb,6.36
4umr,3.8
5ea4,8.11
6o5u,4.38
1a4h,5.92
6py0,6.41
2gvf,7.6
5ove,6.35
1uxb,2.15
1w4q,5.26
6r1d,5.4
6ovc,6.52
5n4s,7.26
5ngu,7.44
2i4j,6.16
2gst,6.07
5o58,6.72
3d20,8.3
5dh3,7.42
4rqz,5.4
5d1j,7.32
1a5g,10.15
5ap6,7.88
1pxp,6.66
5vcw,5.96
5om2,4.06
3rtn,7.13
5ti6,4.68
4y2u,3.24
5d3s,5.89
4hdb,8.05
2uy3,3.22
3bgm,7.41
4lkq,3.35
5ewz,6.34
5q1f,7.14
5y8c,6.8
3hhu,7.39
5avi,6.06
2cmo,6.4
5c8n,7.55
4cd8,2.89
3d9k,4.72
5tbn,5.44
4bcm,6.91
3mg6,7.89
6hgj,4.38
4h7q,5.06
1ent,6.96
1nw4,9.07
6gn1,8.0
6ggv,7.54
4j1k,7.89
5nf5,6.82
4h4m,8.52
1o0f,5.3
3r4m,5.92
2uw4,5.28
4kzb,2.89
4bs4,8.22
3g1d,3.48
6dm8,7.28
1w4l,8.4
4g5f,3.05
5ehv,3.08
3oe9,8.18
4ckj,4.84
4xjr,5.32
3sm0,6.13
2xib,7.26
5tc0,7.6
1awf,6.01
5v3y,6.72
4nrq,3.46
2g72,6.5
1bug,4.37
2jgs,6.62
2xtk,3.79
5d3t,4.92
3peq,7.5
1k27,9.0
3e1r,5.82
3rm8,6.15
5hdz,7.35
4wz8,7.21
5o48,4.7
4kz5,2.0
1n51,4.85
2exg,4.3
2i0e,8.7
5ws3,8.96
2viq,5.89
6i3s,7.05
3owk,5.82
4cy1,6.74
3efw,8.4
1jvp,5.8
4jjm,7.57
4zxy,6.4
3f88,8.64
1j37,8.96
4k5p,3.46
5ucj,6.36
4k4j,6.12
3dpc,4.36
4umq,5.38
3ara,6.49
4b3c,2.68
2x39,8.66
4r6x,5.27
6cw8,6.57
6h4w,6.97
1jii,9.0
2btr,7.02
5al3,4.96
6haz,7.0
3gk1,4.1
5ghv,7.92
4m13,6.7
2lct,5.14
4pzx,6.0
4um1,5.77
4kz3,2.77
5ual,3.58
6p83,7.1
2mnz,5.19
6fgg,4.77
5zqq,7.66
5d26,6.09
4i6q,7.52
1rp7,8.52
5icz,5.3
2xb7,9.19
2xck,6.15
3owl,6.17
3g0d,8.3
6gnw,4.99
5l8o,3.38
5sz7,9.7
4qrh,5.15
4tkh,5.74
3zxh,8.52
5izj,11.52
1g3f,6.37
4hgt,7.4
6fyp,6.84
2clh,4.06
2bkt,7.64
6t1i,5.26
1a1c,6.4
6hzy,3.92
1k1n,6.82
5alr,7.07
8gpb,3.6
4avs,3.49
6hrx,5.1
5u4a,6.36
1v0p,6.89
5dp4,4.2
5ak5,7.07
5usy,7.51
1gqs,6.3
6c7w,5.47
6i41,4.21
3djk,10.59
5bml,8.0
4nra,4.19
2xda,6.22
6boy,5.74
4n7j,5.47
5he1,6.55
5wp5,5.34
2w77,9.19
1ox9,5.21
6n8y,5.38
2wp1,3.6
4qsv,2.0
1o5p,10.0
2fts,7.05
6hhi,8.17
6pgx,9.21
4ogt,10.0
4jln,7.78
5w14,7.34
5x5o,8.3
3te5,4.91
1cps,6.66
2gmv,6.2
4ajl,3.8
4x3s,5.89
2nnv,7.52
5dhp,3.85
5ops,5.06
5x4n,4.17
4mra,4.47
1g6s,5.15
2i0g,9.72
1ym1,6.24
4jr0,8.2
5nme,7.09
6ic0,7.66
4iva,7.16
4je7,6.4
2e91,6.59
4p0a,4.52
3dux,7.0
2viv,6.28
1oj5,6.1
3el8,7.6
2p59,7.3
4zyv,7.66
4azc,5.86
4e1n,7.17
2ew6,4.97
2yk9,5.09
4u5t,6.7
6dn6,8.15
5d1t,5.77
1c50,6.48
6qz8,7.62
3iqq,5.54
6u26,6.97
4ngh,7.52
5jt9,6.63
3s9i,5.7
3jrs,4.28
4pji,3.7
2r7b,7.22
6e8k,6.04
3zrk,6.89
6b67,5.05
5m57,4.92
2jkp,4.23
4odf,10.0
5icv,5.62
3lzv,10.59
4dus,8.3
3zsz,2.7
1ilh,7.39
3bh9,6.93
1uj5,3.05
2kzu,4.22
4dcv,4.59
2rd6,8.3
5qin,10.4
1hvy,6.54
1alw,6.52
4b0b,3.33
1q1m,5.16
4hf4,8.62
3hkw,8.64
6jpj,8.21
1h27,5.6
2qi4,10.44
2c6l,6.57
5ih9,8.7
2j4z,7.19
4ax9,9.57
3skf,8.3
6ez9,7.77
4a4o,8.05
6ios,4.1
3ook,8.4
6q92,6.1
3ijg,4.27
3cbp,5.6
1r1h,8.92
4qz6,5.53
4q4q,5.79
4wpf,6.6
1p5e,4.81
5nb7,8.22
3th9,7.7
5f1z,8.68
2o4k,10.46
4ih6,4.74
6fod,8.15
5ogk,5.11
3qtv,4.65
4psh,8.89
3ob2,4.59
3c4c,6.8
3krr,9.32
4jyu,8.0
3l8v,8.1
3rv4,2.3
1i6v,5.0
6dyo,4.49
3ru1,4.85
5l17,9.3
6n3n,8.74
4ufh,6.42
1i9p,8.41
5e3a,5.44
5kr1,9.49
3g2u,5.27
2c6e,9.1
3pwd,6.66
2oj9,6.41
1c5y,4.2
3lox,8.1
6nfg,4.11
4dx9,5.3
4lyw,6.63
3qs6,4.89
1hgj,1.66
5w1v,4.43
4g2y,6.0
3py0,6.89
4kne,5.9
6oht,6.45
4ybj,9.28
4lng,5.62
5qil,11.52
4civ,4.95
5enm,7.15
1qaw,5.12
6qyk,5.55
3nti,5.22
1eou,7.44
4apo,4.91
4nxo,7.22
4uiv,7.8
5fnr,4.23
3hau,6.38
1li3,4.25
4gwk,3.34
6g15,5.37
3n5h,5.7
3max,6.05
2gz2,5.22
1mmq,7.52
3ivh,7.33
2pzi,6.1
1ql7,5.0
3ftu,3.61
3bcn,7.12
5eoc,7.52
5hwv,5.07
5j86,8.26
1qwf,6.35
3dgl,6.6
2adu,7.74
188l,3.33
6b1x,7.4
5ef8,8.85
5m4k,5.66
4tsx,4.99
4pr5,5.66
1d4h,10.0
3udq,6.0
3qri,9.1
4amw,1.55
3sv2,4.19
4mm8,6.11
5zk8,8.89
5v4q,2.57
1gsz,7.21
2z92,9.1
3cic,8.52
1o5r,8.12
3avn,3.3
4bb4,6.72
5a8z,7.55
6nu5,5.15
5yhl,7.74
1c5s,6.0
1rhq,7.75
4b4q,5.75
5ks7,5.32
5d1s,5.02
4qzs,7.05
5zo7,9.0
3a1s,4.83
3l9n,8.07
1uy7,3.7
2nqi,6.11
4eqc,8.1
3dcv,8.52
3fqk,7.09
2oqv,8.4
3thd,4.05
3drg,7.0
4ptc,8.96
4yl1,6.67
4gzx,3.19
3o3j,6.4
5mxf,3.59
6g2s,8.4
1apb,5.82
6uyy,5.72
4qwr,5.93
6n5x,4.6
5o4s,5.47
3tkh,7.33
2anl,6.96
4m84,7.31
4x6o,8.72
3sl5,7.66
3loo,6.07
5teh,7.55
6qi7,6.46
3chd,4.92
4mm5,7.74
3eq8,9.06
3omg,4.72
2vba,4.6
2xaq,5.96
6nt2,8.82
1mv0,4.03
2fv9,7.22
3h85,5.22
4qlv,7.85
2qta,5.76
5gwa,5.77
3ggv,10.85
5ix1,6.31
5khg,4.69
1r6n,7.4
4jda,6.29
6dgl,5.52
6plg,7.82
6hjj,5.77
5fe9,4.68
3p55,7.1
5d3h,5.1
5v0n,7.17
4ijl,3.87
4uma,5.41
4unp,3.23
3t19,8.66
5f0h,4.48
5dtm,4.3
3lxe,6.6
1met,9.4
5b5g,5.25
4km2,5.84
4pd8,6.03
5d25,6.3
4lkd,5.35
1lkl,5.81
2r6y,9.49
1ew8,2.26
1mfa,5.04
1xpc,8.77
2xbp,5.02
2vto,6.85
2fov,7.55
4uv8,6.47
4wvs,6.27
5hg7,8.4
3daz,7.93
3fpd,6.15
4knr,5.74
6gji,3.87
5yco,4.59
5ael,7.41
4ruz,7.64
5o5h,4.12
2qry,8.64
5km2,4.41
6g0v,3.78
2hj4,5.37
1i32,5.7
2oph,7.8
2vhq,3.85
5kww,8.13
5eth,7.25
6b2c,7.03
3oui,4.9
1bmn,8.44
2pk5,10.7
2yol,6.89
6m7i,3.41
2ze1,6.22
3hb8,5.12
5u51,4.92
4prb,3.88
5dxe,6.41
1j81,7.1
5mmn,6.7
2op3,6.31
6gu2,5.8
4ara,6.05
6cis,6.87
2d41,6.82
5abf,4.85
2p2i,7.42
1oir,7.49
5fyx,4.16
5kxi,7.74
2clo,4.06
3qox,6.57
5jq9,4.65
3l8s,7.0
5ni8,7.7
1ad8,6.6
3ttj,6.68
5lgn,5.54
5n1x,3.16
6ay3,8.02
2fci,7.15
5mgj,4.29
2fx6,3.7
4k4f,6.7
3asx,7.7
5ive,7.57
4nzm,6.85
1g7g,6.6
3wix,6.27
6mdu,4.25
4fmu,6.44
6ce8,3.41
5wpb,3.57
4m5l,4.72
5a0c,9.27
1mto,6.96
2yi7,8.32
6ra1,2.0
3n5u,5.92
3rpv,7.15
1g05,8.51
6ce6,5.1
4f7n,7.1
4n84,6.29
4n6g,5.47
3nrz,5.34
5lub,6.15
3inf,7.4
5two,8.09
4lwe,7.15
3kl8,6.92
1o4p,2.6
6djj,4.1
5mno,3.84
4b6q,7.55
5ji8,4.63
4qf7,8.6
4cl6,5.39
1ody,8.1
4ahu,2.27
4knn,7.78
4gtr,8.3
4m3g,6.26
3qo9,5.92
4bty,7.7
1h37,7.23
1pxl,6.05
5aqt,3.51
1d6v,6.17
3az8,6.0
6f22,8.7
3n2v,7.51
5ldm,3.86
1w2x,5.14
2m0v,5.97
1gzg,3.05
3c8b,6.1
5lax,5.4
4l34,6.94
6bhe,4.62
1l6y,3.66
5om9,4.25
1y2c,6.57
1me7,7.19
3zps,8.3
1vjb,7.89
2c57,3.43
3ies,9.92
1pus,7.28
3s43,8.6
3zju,5.68
4ayv,9.17
2vd0,4.94
5dk4,8.7
6ohd,9.38
4trz,5.03
4e9d,7.7
6rfi,7.43
5opc,4.54
3pwm,9.1
4az2,7.33
2avo,8.85
4aa4,8.05
6bnk,6.99
3lp1,6.92
2ha0,4.43
5am7,7.19
5m51,4.72
4or0,7.46
3eax,4.92
3i3d,1.99
6exj,4.33
6ayi,6.68
6mkw,4.77
3cd8,8.05
1pph,5.92
3v3q,6.6
6fz4,5.95
4xtx,10.57
4aft,6.47
5hog,3.64
3ldw,7.97
3d28,5.85
3i9g,8.96
6qw9,6.64
4jju,6.29
4kiq,7.64
3b1t,5.66
4j3e,7.06
5xup,5.25
4z0e,5.3
5tzd,5.74
3w2r,7.72
5qae,3.62
1o41,3.05
5g3n,7.92
1cim,8.82
5nn0,10.96
1czo,4.55
4l6q,6.27
2pcu,3.04
3mmr,4.96
2nta,4.8
3rwp,9.22
4ps1,6.66
2lto,3.11
6nvh,7.95
3is9,6.42
2jb6,10.96
1mrx,7.26
6hai,7.94
4zt6,8.0
1q6m,7.89
6ajv,5.04
2xye,8.34
3si3,4.16
2vfz,3.61
3bl2,5.8
2dri,6.89
3fr4,6.19
4lge,8.46
6jaq,3.95
6ev0,5.74
1w7x,8.4
3m3r,6.32
5csd,7.89
3hd3,7.0
2k2r,2.89
1lee,7.74
4cdr,5.1
3oqk,6.38
4l19,6.1
5t1l,6.62
4e93,6.93
2xj0,2.82
4ezk,8.2
6afk,6.0
3u6w,6.92
5f2k,6.16
3anr,6.46
2byi,6.34
3bgl,8.35
4g2l,7.49
6hkx,9.34
5f6u,2.52
6naf,4.26
1qka,5.92
3rlb,9.92
3oxi,5.66
4bcq,6.83
5aqn,2.77
2a8h,7.17
5g4o,4.43
6p9e,7.17
3bmo,5.27
5l26,5.35
4nk3,6.33
5iyy,4.77
6mxe,4.26
1utc,4.55
6fkp,6.52
5wej,4.82
5fdr,9.44
5yc4,4.92
5ow8,5.16
6au9,5.96
4gs9,5.66
1o2y,5.85
3t07,7.8
3iad,9.0
5myo,10.53
6fzp,6.42
4gvc,4.71
4itj,6.42
4btx,6.54
6hmp,6.86
4anv,6.36
6ugr,6.27
1cbr,9.4
3pxy,5.23
5buj,8.3
2h1h,4.52
3fz1,7.92
4nxv,5.42
4pnt,5.82
5xvw,5.48
1hyz,3.42
4qp1,3.61
1tx7,4.6
4z0k,6.34
5nkd,7.59
2qtt,4.32
1vyf,8.05
2p2a,6.12
3su0,6.79
6oi8,7.82
3ckr,5.3
4ahs,2.19
2oqi,8.49
6b7b,2.89
3u90,4.62
4g2r,4.45
2byr,8.55
4r75,7.24
6ntb,5.15
6dq8,6.59
6h5w,10.8
4y6p,7.16
1h46,3.57
6fby,5.03
1fzq,7.62
6hld,9.21
3b26,6.64
6gjr,3.74
2a3w,5.42
4mvh,8.35
5if6,7.23
4jx9,8.62
1o4d,3.52
4ozj,5.4
5vwi,4.84
4wf2,8.1
3mfw,3.52
5ngt,5.89
1b9s,3.18
5tyn,9.28
5eyz,6.0
2yog,4.51
4lpb,8.0
2ya7,3.14
2xn5,6.69
3vbx,4.77
5tex,6.4
4kby,6.73
1bji,8.7
5wio,5.03
6ajh,6.54
4dv9,6.72
5lpj,5.0
2wxi,8.15
5h0e,6.68
2xk4,4.77
1tet,6.08
3nnv,7.57
1pb8,5.15
4kx8,7.13
2g71,7.46
4k6v,4.63
1q3d,7.82
6jjz,8.64
4x7k,8.4
2ybt,4.7
5gvk,7.0
5zop,4.73
1x70,7.74
6i3u,9.22
1nnu,6.82
5hja,5.96
6aah,8.41
4uns,6.7
2q8g,7.06
2b55,7.02
5tkj,8.15
1r5n,5.42
3wvm,5.71
4dai,6.96
1lpz,7.6
1dtq,8.22
4wlb,6.74
5ix0,6.28
3fq7,2.52
1jil,8.4
2pql,7.28
4zsm,2.4
5zt1,4.67
5km9,4.25
4p4d,5.74
1vyz,6.54
1w82,6.71
4eh9,2.26
5jv0,5.96
2cmb,7.19
3ut5,5.74
4fcd,9.55
5ml0,6.3
1s17,8.3
5cqt,6.91
6bsx,3.3
6iyv,5.88
4fz3,3.73
5a5d,8.0
3u4w,8.4
3fzs,5.82
1qk3,5.15
2y2h,4.57
4ctj,2.51
6oxz,9.67
2pvm,6.44
6j9y,5.07
6n3k,7.54
2bjm,3.7
5knt,4.43
4h71,4.45
5d2a,5.59
4whq,4.12
3osw,6.15
1lb6,4.08
5cxi,6.55
3c9e,8.0
2z6w,7.87
6hwv,7.08
5b56,4.54
2z4r,7.62
1err,8.11
6rvl,5.94
4yzu,5.05
5t2t,6.29
3oob,4.67
1swr,6.92
4kif,4.84
3c5u,8.19
3pj8,7.4
6r8r,7.07
2ywp,8.15
4qfo,4.27
5lom,7.13
4mmm,3.82
6gjl,3.86
5ukk,6.21
1py1,4.4
2g9u,6.08
6bau,4.51
6baw,5.38
5vii,7.29
5afv,5.59
3qps,5.6
5ovv,4.48
5n58,6.1
4mc9,9.44
5i7u,8.77
6qz7,6.49
2jdk,6.54
5sz4,9.7
5mky,5.7
5j1r,4.66
1gnn,5.68
1p04,7.4
5e28,7.91
2lsp,3.56
3hj0,5.71
2jbp,8.07
4wt6,7.92
4i3z,4.29
3wsy,6.36
5otz,5.19
2k7l,6.15
3bi0,7.85
3vjl,8.25
1ie9,10.19
5x33,8.49
2rjs,2.28
3hek,8.27
3va4,4.4
5we9,7.22
5w12,7.28
4hzt,6.12
4ohm,7.55
6fnx,4.9
5exl,8.43
5orv,2.89
1g3m,10.0
1b4z,5.23
5f2r,4.28
3srb,4.19
5op5,6.67
3pdq,6.74
5aaa,9.42
1b74,1.3
5zma,5.52
4qmz,6.68
5nvh,7.82
5ech,3.8
4he9,8.46
6cms,5.82
6faf,6.51
2vrj,6.3
2gv6,7.34
2i0a,11.4
4f9v,6.03
5w86,8.7
1p28,5.42
2wyj,9.0
1qs4,5.64
1lek,8.89
6dyw,10.44
6m8w,6.22
3s0b,6.49
5csw,8.4
3bpr,4.95
6g22,7.56
2zpk,7.76
6bu0,5.96
4zzz,7.06
6g9x,3.92
2zlg,5.59
1h2t,7.89
1apv,9.0
2h4n,8.7
4hbv,4.64
1k2i,3.11
3rcd,7.77
5kdf,3.27
4gui,3.64
6md6,5.1
4eg5,8.1
2hd1,3.3
5x8i,8.7
6hcv,8.3
5jr2,7.57
2aez,2.46
5dtk,4.3
1p57,4.4
8lpr,6.62
4e96,6.66
5j6d,8.22
4p3h,6.0
1w9v,6.34
4k2y,3.33
3vvz,4.58
4yth,8.7
3szb,4.92
3fzc,5.39
2a3c,4.43
4qhp,8.05
4aj1,3.11
1h1q,6.0
2e9u,8.1
6b7d,4.28
3hv3,6.33
1yqj,8.14
4czs,5.0
1zpa,8.4
3pbb,7.02
2nyr,4.66
5adt,5.65
4qw6,5.85
3c2u,2.9
2xp3,3.0
1kfy,5.28
3qn7,6.8
3k3e,7.66
5xpi,5.28
4mw0,7.41
3d9m,3.48
4mdt,5.0
2v13,7.59
5y7w,7.7
3pix,7.0
2h5e,8.25
4nw6,8.4
4to8,1.24
6b4u,7.68
4iic,4.85
3kku,5.7
5u4b,5.74
4po7,7.07
5fi2,7.15
5cwa,4.77
6awn,9.2
2bdl,7.82
1ydk,5.89
2fq6,7.1
5one,7.28
3pwk,3.35
4f49,6.09
1m7d,6.23
1o2u,5.85
5ap5,7.97
5umy,6.97
1hc9,8.72
6bs5,5.7
6eum,6.52
5m23,8.9
2rcx,9.0
2vta,3.73
5xst,7.57
1o39,7.13
5opv,7.29
4ad3,4.62
4cga,6.4
4ya8,6.1
2ovy,8.4
6bfw,6.66
4o3f,5.56
4dgr,5.04
2zit,4.46
1o35,5.0
4wrq,5.34
6ps4,9.89
4cg9,6.21
2ksa,3.06
6nwk,7.7
1xn3,7.4
1c9d,6.3
2yay,6.1
5os7,3.69
3kvw,6.89
3igp,7.02
3wc5,8.7
4hlg,6.51
3hf8,6.51
2zjv,5.14
5q13,7.04
4u5u,2.89
4ygf,7.68
5ggk,3.54
3ivi,7.92
3eio,6.65
1b3h,6.21
5dp9,6.08
4dgg,6.1
1kvo,7.89
4ntj,7.36
1ft4,6.57
4og5,6.52
5doh,7.49
4uiy,5.6
6qmu,5.32
3zi0,7.4
4eg7,7.34
4b7q,9.74
3dhk,7.33
2osc,7.77
4v24,8.37
5fiv,7.66
5tpg,7.85
3g4i,9.04
2vb8,4.6
3zeb,6.13
2qnz,5.42
1oko,4.54
5lyy,4.85
3br9,7.21
4pyx,6.14
1nnk,5.46
6fdt,4.3
3pkc,6.02
5g61,6.4
6m8a,5.26
1qja,6.38
3w2q,7.18
4xas,6.59
6jaw,5.66
1ai6,3.97
4qxq,5.7
3fum,3.77
4p7s,7.42
4xya,5.86
3g9n,5.74
5v24,6.4
4j0p,7.29
5y7h,7.73
2jj3,9.55
5hbj,8.64
5iu7,8.96
1yc5,3.0
5fwa,4.79
2g6q,5.82
3s7m,8.0
5cbm,7.77
2mwo,4.7
1iem,7.7
4zg6,6.33
2bal,6.31
1oar,7.4
3zmv,4.26
4r7m,7.96
4g8o,7.66
4ifh,5.21
3az9,6.0
4bg6,7.16
4ura,5.5
1vwl,5.63
2pyn,7.57
5yz7,4.75
3nsh,6.33
5ap3,7.03
5zh2,6.54
3fhb,5.7
1ing,2.0
3uwl,3.68
5mkr,4.77
4r02,7.41
3v01,7.6
4fiv,6.52
3m36,9.82
4f6u,6.15
4g68,7.92
1bnw,9.08
6i64,7.31
1mrw,9.7
3hy5,7.7
3n0n,7.3
6arv,7.34
4hra,10.1
1dwd,8.18
1bxl,6.47
6f8r,4.7
5anv,9.3
2zis,8.55
5v19,3.3
2fqw,6.68
4ge7,8.15
3rlq,7.4
3wdc,7.92
2wez,7.64
1kyv,5.92
3bjm,8.3
3nhi,8.43
1avd,15.0
4li6,6.97
5uw5,5.96
3ryy,7.42
5j75,6.82
5uqv,6.37
4x5q,9.0
3ztx,7.74
2wnj,6.48
1bkj,6.77
3fvn,6.77
3pxe,5.7
1n1v,3.85
4xkc,5.87
4qz0,5.46
4waf,5.0
6njj,5.99
1j1a,7.54
1aid,4.82
6o3w,5.12
1x6u,3.22
6c3n,2.49
5ny6,7.87
4qfl,5.11
3thb,8.7
1zsf,9.92
4efk,2.49
4cc2,4.33
5jur,8.52
4p6x,7.04
6hzx,8.38
5q0p,7.41
2wgj,8.7
4x2i,6.46
4yhz,7.96
1hy7,5.39
4k2g,7.7
5hbn,4.89
4m7b,6.7
5fh7,6.86
5y5u,7.75
4b82,4.39
3l7a,4.33
4fxy,7.54
3rxa,2.85
2yis,8.77
3fdt,4.52
3h23,4.71
2w0j,6.62
2fme,6.98
5h08,5.96
4no8,7.15
5qqo,7.77
1rdn,1.84
6jjn,4.11
5yum,3.65
5kez,8.15
1ezf,7.25
3imy,9.7
4d2t,6.0
5n8t,5.74
4ym4,4.47
3d6p,3.75
3mbl,7.74
4xnw,7.74
2rol,4.62
3hbo,5.09
5aqu,2.98
3wc7,8.26
5mtx,7.75
5ug9,8.1
4ks4,7.14
4yz9,7.7
2za5,8.43
3p4v,5.1
1iep,7.0
5bns,7.02
5iu4,9.28
4c3k,4.97
6gy5,4.86
5zg0,7.09
4j77,5.47
2w1i,8.92
6ic2,6.04
6fcl,4.64
4x5z,7.63
6i5g,4.89
5idn,8.59
5mz3,6.66
5llp,9.24
5n7g,4.58
5bvd,9.8
5hka,6.46
6g01,7.41
2jkh,8.05
1amn,13.82
2p4s,9.51
4rt0,5.5
6hk4,8.55
5f1x,6.11
6sde,10.2
5wir,7.12
5m29,7.4
6eq5,4.74
2y6s,6.99
2qaf,5.36
5a3n,7.72
2aog,6.28
1ykp,2.96
6dkg,8.59
3udr,4.96
6ewe,5.51
4nnn,6.57
6g35,7.76
4n1t,9.1
5lyr,7.89
5aqg,4.51
1iau,7.1
2j34,7.82
6fil,5.85
3d25,7.66
4j4v,6.36
1b6k,8.74
3suv,4.55
6ftf,8.1
5ho7,4.77
3gjd,7.33
4ngt,8.41
5y61,1.72
4zki,2.92
3oy1,7.8
6eeo,6.43
5izc,3.95
2zq0,6.82
6a5e,5.49
5cal,7.66
2oa0,6.92
5uga,6.79
1db4,7.24
3mlb,4.8
6nm4,7.06
5nhy,8.64
6phz,3.46
6mbp,5.95
5vqu,5.11
3lnk,5.94
6s8a,8.07
6im4,7.4
5m3b,6.92
4nmv,4.95
4yps,7.12
6egs,3.59
4l4z,5.68
6dzy,5.52
4zpf,6.74
6elp,6.63
3d4q,10.52
1irs,5.22
5f3c,6.05
6edl,8.7
2xoi,3.34
5mja,6.66
3fl5,7.28
1xot,5.42
1yy4,8.6
2lty,5.38
5wei,5.7
6cd9,4.42
4ap7,7.96
2pv3,5.25
5iay,5.8
1nms,6.7
5wa5,6.72
4op1,6.89
2q8y,3.99
1o0n,4.09
4e4l,8.77
2jq9,4.48
4bi2,4.03
5fh8,6.77
3rl8,5.98
6cyi,5.04
4pgc,5.88
4q3q,5.89
5o3r,5.0
4pv0,9.07
6e5x,6.12
4f8j,5.07
3t0x,8.0
5l2o,6.12
2z3z,4.31
1zkk,4.48
4yl0,8.22
5u6v,7.68
4mk2,6.14
4ozn,5.4
5he7,8.3
5aut,5.17
2ihq,8.49
1fl6,7.43
3ddq,6.68
6pg4,3.59
5dj5,5.6
5t92,7.8
5uox,8.3
3fcf,4.4
4utv,5.09
2vtl,4.01
1bxr,3.4
3mo2,6.61
5fum,4.74
3n1v,3.3
3pz4,8.22
4md6,7.77
6gdg,8.74
4z7o,5.04
5dxu,8.4
2vey,7.37
5dy7,3.7
1x38,8.77
2y7i,5.54
5vc5,7.96
5l96,3.3
6bhh,3.76
1w31,3.6
3g70,9.4
5mw2,8.52
4z89,4.69
4j2c,5.25
4knm,8.0
6ocq,6.7
4dzw,7.89
3d62,6.1
5aic,4.3
4qjm,8.17
4yzm,5.27
1izi,6.59
6e3p,8.7
6q36,7.6
5fot,3.17
4pyq,5.36
4aig,6.52
5eng,5.85
2ke1,5.3
3k84,8.52
5v7t,6.21
5ey8,6.31
4gqr,3.96
2bgn,5.7
5hjb,5.68
3el7,6.32
4ydq,6.52
3dx0,7.44
4hvd,8.85
6e2m,5.66
2d2v,1.0
4w9k,6.54
4hzx,9.3
5hhx,8.21
5xjm,9.37
3o64,9.4
4pxm,8.89
3kck,9.1
6h7u,1.98
3qxv,8.4
4lkg,6.8
4h3g,8.22
2xef,9.84
3t1m,3.04
4b05,7.58
1xhm,6.33
4ifi,5.48
4mbf,5.77
3gk4,3.92
1rdj,1.66
1o2j,6.92
4r76,7.85
6epy,6.46
3mkn,4.12
5cpr,7.56
4iz0,4.0
2k46,4.58
5vfc,9.05
1fzm,7.7
2qhn,6.01
4ia0,7.11
3f7h,7.09
4uvu,5.92
4qn9,4.41
3eyh,7.7
2ynn,5.17
5kkr,6.92
2xm8,6.8
5db3,7.92
3c88,6.8
2asu,9.0
4g0y,2.3
3rv7,4.85
1kdk,9.05
4l7o,4.88
5eom,6.39
5aan,4.15
5vr8,6.87
2wzs,3.85
5lvx,7.25
5l87,5.07
1tkb,8.0
4mn3,5.75
3byo,8.15
5duc,6.35
4h2o,5.52
2qzl,8.1
2yfx,8.09
6gw4,5.92
4j73,4.56
5ypw,4.64
5lqq,7.09
5a6b,8.1
6iiv,6.85
2exc,6.63
4zx3,7.19
2wyg,8.7
1nm6,10.05
3u4r,7.41
6mlf,4.28
6dne,7.48
3gc4,7.6
6s56,5.1
4pkw,4.65
4tpt,7.04
1axz,3.2
4o2f,6.41
5fnu,8.89
1fo0,5.59
4hbm,7.92
5qas,3.72
2iv9,4.34
4b83,5.15
1pxk,5.66
5hld,4.66
5alz,8.22
6c7j,8.88
3iuc,5.66
4mka,9.0
2w3o,6.72
5hk2,8.59
2l6e,6.0
3djq,2.98
4q6e,6.18
6gjy,3.0
5ovh,6.55
6g2b,3.8
4ehe,8.49
4nrm,3.2
3vfb,9.04
5tv3,8.09
4rxh,5.91
5ko5,4.57
5vo1,8.15
2fix,6.24
4jwk,8.32
2wgi,4.07
5odu,3.28
5wou,6.18
3dv5,7.66
2c1b,6.4
3h0e,8.15
4cmu,9.7
3vf3,5.86
5os3,2.43
1gjb,6.35
6d3z,8.92
6s7k,4.24
6g9d,8.37
4u0b,4.3
5eje,5.6
3sqq,5.32
4iqu,6.24
1ujk,6.57
2h21,6.54
3wkd,3.77
2aei,7.07
5f1h,7.85
1rlq,5.1
1kr3,5.0
4ucs,4.21
4jog,3.72
4oym,4.96
1lq2,8.77
3u0p,5.68
2o9a,3.81
1h25,5.74
5jsm,6.59
5zwh,8.72
1gwq,7.12
2wyf,4.43
6hoq,6.39
1gu3,4.32
5bnm,4.82
1q4l,7.4
4acc,7.7
6g0q,4.61
3bhx,9.15
2xx4,7.1
3eko,6.7
4zum,6.57
1uye,3.7
1w12,7.85
1yvm,6.4
5mgk,4.0
4wi1,5.3
3r6g,7.6
6qhc,5.2
1bv7,10.3
3bxz,6.72
4uyn,8.4
4j3d,8.28
5lss,6.31
4msn,4.03
1pot,5.49
4cqf,4.3
6det,8.22
1z4n,4.52
4hfz,5.72
3wi2,7.04
2ll6,10.0
2zz2,4.54
5icx,6.96
4nwk,8.7
1rgk,4.31
1me4,6.84
3m94,5.08
3zls,4.4
5n1p,4.6
1gww,3.59
4n5t,8.15
6f55,4.16
3jsw,7.18
5h8b,11.31
5o45,8.05
2p8n,3.15
3rxk,2.68
5o4y,8.15
4gv1,8.52
5fpp,4.0
5qag,3.7
5n8v,6.68
4erq,7.12
3piy,6.54
5uzj,6.78
5wg3,8.1
1kna,5.15
5ovx,4.5
1ida,8.7
1uml,7.52
1qin,8.0
4mm4,6.37
3c45,9.68
4lh7,4.47
4ibc,2.98
1v1j,4.82
4u03,5.77
2uvm,7.1
5qau,4.15
3gfw,7.57
5z95,6.55
3dsz,7.77
4j24,7.3
5n3w,6.3
3ipx,6.92
6eiz,6.22
4n3w,3.5
5fs5,6.69
4kyh,5.92
2qmd,8.3
6mo7,5.03
3hkn,5.35
6qgg,6.3
1hii,7.28
5wr7,8.96
2qd9,7.89
2x6d,7.92
4jg0,6.76
1zaf,7.7
1pxh,8.74
4ycv,5.82
4r91,6.37
1b6m,8.4
6o4w,8.47
1w3j,6.32
5vqq,5.28
1f9e,8.7
2xiz,3.89
4kwg,6.0
3q72,5.8
3mhm,7.0
5m1z,4.18
1z6f,4.89
1ez9,5.1
2xeg,10.7
6jdl,4.89
1rpf,3.99
2gph,5.3
2vrx,7.35
3f9w,4.72
6qha,5.3
4dh6,7.77
5f4p,7.33
3qfz,3.24
4kox,4.77
4ogv,8.05
5z89,6.71
3juo,5.07
5i3y,9.4
3vhv,6.29
3wi6,5.33
6h14,7.86
4aml,2.1
3lnz,9.31
3muk,3.42
6a03,5.25
1au0,7.66
2zdm,6.41
6at0,4.04
1stc,8.1
1tkc,4.85
3fh7,7.6
3gwx,5.4
5v2q,8.28
2r3l,7.0
6enx,6.08
3wab,7.47
4i9u,3.86
2q63,7.18
3g0e,7.7
5m77,7.61
4rj6,7.12
1wbg,3.0
3wt5,9.54
1a1e,6.0
4afe,7.14
2gnl,7.24
4ynb,10.37
5yid,5.4
4yog,5.74
6g9a,7.68
6r5f,7.7
3lmp,6.21
1bnq,9.49
5jc1,6.82
1u32,7.01
4lk6,5.2
4ryd,11.26
6j0g,5.64
1q0b,5.17
1sle,6.17
2tpi,4.31
3zrl,6.8
1czr,9.0
6boe,5.54
3i97,5.52
5kqy,9.29
5wlt,6.81
4a4q,9.4
4eoh,4.3
1cr6,8.51
3nu3,9.82
5tq7,7.67
3t7g,5.2
1pop,9.0
2xhx,6.6
6b7c,5.14
3r4p,7.96
4y62,2.95
3qcl,5.4
2qhd,5.38
6o2p,8.18
1fax,7.39
3r0y,4.84
4d0x,8.1
4qt0,6.29
6a6k,7.46
4zsl,5.0
6bh2,5.62
3bmn,4.46
1p10,6.7
3vfa,9.19
3ipu,7.32
3cyw,7.77
1bjv,5.54
2vnm,8.52
3o4k,7.62
6oqd,9.85
3hvc,6.22
4aq6,4.8
2a4q,7.18
4wx6,9.0
4ra5,8.4
5a7i,5.26
1gag,6.12
6dk1,7.65
2whp,4.0
3hv6,5.64
6pyb,5.38
4l3o,6.0
2ddf,7.39
4jje,7.64
5zae,6.81
5c11,6.47
5oxk,2.17
2br8,7.49
2gz8,5.52
5jha,5.9
4a9c,4.61
5qax,3.8
2e5y,5.85
6i5j,5.85
6gvx,7.62
2j83,4.21
2ewp,7.1
1f47,4.67
1hkm,8.72
1q1g,8.57
6mh1,5.92
3vbv,5.0
1y8p,6.08
3lp0,6.96
4bbe,8.44
6e4t,8.05
5ue4,6.36
2qd7,9.1
3lk8,7.71
2v5x,6.66
2uyn,2.7
1bnv,8.77
4uye,8.02
3dcr,8.2
4iie,2.34
6oa1,4.59
4bqg,6.22
4z84,5.82
6s89,8.07
1o3c,7.13
2wi5,6.05
4lc7,4.93
1dy4,4.36
5xhz,6.49
1mm7,7.7
4hy4,8.57
3wke,8.89
3g3m,5.96
6d1k,3.13
1q6k,7.59
4ej8,5.39
6n53,7.87
3ws8,6.68
4yhp,8.7
6cdj,11.7
4oag,6.3
2wd1,7.09
3rqg,4.64
4tk0,5.55
5zyg,5.21
6ccq,6.6
6oxv,10.7
4whs,4.12
4l10,7.15
5n2f,7.1
6dug,8.27
5h8x,5.51
3ls4,6.3
4zz2,8.04
3g35,4.68
5dyw,8.31
6qtw,5.52
5zag,6.97
6e7x,6.76
4gj9,3.3
2o1v,5.3
1ouk,9.89
2oi0,7.55
5ipj,8.89
6hkn,7.29
1om2,4.7
4au7,4.76
6b95,5.15
1v2j,3.25
3pka,6.27
3qtx,7.15
2pl9,4.17
7hvp,9.62
2qrg,5.18
1g42,3.01
4qsw,1.68
4i60,5.73
3bun,6.21
5vqx,6.32
2x6j,7.44
5jyp,7.0
4ie6,5.55
4p0n,8.66
1ttv,6.8
3i28,8.22
2m41,5.1
3rg2,4.2
6esy,5.59
2i5f,5.12
5lgu,7.66
1xs7,7.6
2f7o,7.44
4kpx,7.3
5tyr,9.59
4eh7,3.28
5nk3,7.42
2xey,5.19
5u06,6.66
6em7,4.53
5kjm,7.19
3l3z,4.87
1o4i,2.64
6mil,5.41
4no6,6.11
5bpe,5.95
3uqr,7.24
2zc9,6.74
1uvt,7.64
1p4u,5.3
5wgp,5.62
3nu6,9.3
4yho,10.74
5auy,5.8
4l9i,4.89
4oc2,8.28
2r3i,6.0
4rrs,6.68
4zh3,4.4
6imb,4.23
2bqw,8.52
5qal,3.46
6cv8,3.17
6irt,3.81
4m7j,6.11
5os1,3.31
4bqw,7.48
5a82,5.6
4jkt,7.09
5hdx,7.32
3m57,5.4
1tsl,6.15
1li2,4.04
3adu,4.14
3oaf,8.8
6htg,7.17
3e9b,5.35
4urn,4.46
1rtl,5.59
1y2b,4.09
5q0l,5.36
6mey,3.32
3uu1,5.2
4agl,3.65
3e85,5.38
6i9a,10.0
3cwj,8.0
4qfr,8.13
4dve,9.52
3rz1,8.74
3rbq,6.27
3sl0,2.7
2fu8,4.7
2q11,6.05
3mzc,6.65
5tg4,3.32
6f8j,7.07
4z8m,7.44
3r2a,6.12
1gny,4.14
6iso,4.6
2hz4,5.47
3q96,8.54
4qmw,7.07
3bla,8.7
1wv7,7.26
4ec4,7.6
5elv,6.8
3m55,6.21
5n18,5.68
4d08,8.0
6cf7,7.91
1eve,8.24
6o95,8.29
3gsg,2.7
3qfy,6.12
5wkl,6.15
2uy5,5.49
6o5g,5.7
5ajo,4.96
5nob,8.2
1njt,4.82
1aj7,3.87
3fv7,5.64
4cp7,8.11
5q1d,6.12
2b5j,9.1
2phb,9.49
4pp0,4.4
2r38,7.44
3uvq,7.77
4lkh,3.0
3g8i,7.42
2pzy,7.47
1ke9,6.18
4ixh,8.21
4kvm,5.05
4u68,4.31
6hky,9.34
2h2g,5.04
6hv2,4.28
5l0h,5.64
4ui5,6.78
6bh5,6.6
6h1u,5.32
2w6u,5.0
5etb,4.54
5zyj,7.21
6eif,6.98
1bdr,6.68
4msk,7.2
5tca,7.72
4pct,7.15
5u4f,6.33
4aw8,7.66
4x11,2.22
4lkt,5.9
5f37,5.77
4i0s,7.44
6fgf,3.96
2pvu,6.31
4xue,5.3
2p9a,5.18
6qft,7.46
5kxc,5.26
3q4c,6.43
6pg5,4.96
5sz6,7.0
2vyt,2.74
2pvn,9.46
5f67,6.89
5ti3,4.36
1n3w,6.96
3v3l,6.43
5amd,8.55
2zn7,7.89
2g19,5.85
3m1s,9.0
5mz8,2.31
1gwr,6.6
5eud,6.82
3lpj,6.92
6ety,8.05
6o94,8.74
5hfb,4.57
3drf,7.0
3cs7,10.68
4zam,7.96
2pe0,7.1
5d7a,7.68
6d50,5.05
4eb8,9.82
4gk7,7.9
1v7a,8.01
1l5r,4.77
3sb0,5.26
6biv,6.52
7prc,5.21
3g9l,6.13
5j7j,5.07
1w1v,2.2
4xyc,7.51
2srt,6.64
3que,8.82
2xvd,8.7
5a4t,5.89
6eed,6.09
1awh,6.08
6dlj,5.55
2yxj,9.3
5xvg,8.05
6dyz,9.2
6aa5,7.28
2ydk,8.15
5jg1,8.72
3l5c,5.15
5d21,8.38
6em6,4.0
2x6i,6.08
2f81,10.52
3i7i,6.21
3ds9,7.39
1axr,3.27
6acb,9.41
3ft4,5.93
5moq,4.68
2ha5,4.34
6ic7,7.11
4jib,7.35
1x7b,8.39
4yzn,4.81
2ohr,4.0
3zmj,4.93
5fq9,6.48
5m25,8.19
6mlh,3.67
1uyg,4.27
5id1,6.25
3anq,6.74
3st5,11.3
3msk,4.59
5mon,2.48
4jze,8.15
4tpp,8.59
5igl,7.37
3my1,5.45
1xjd,9.48
6cyc,7.85
1yhm,3.83
6p3v,7.02
2viy,5.74
5jgd,7.96
2ohk,2.7
3n2e,4.96
4mnp,7.34
4qrc,6.34
5l3g,6.23
1ymx,4.85
4drp,5.41
5dyy,7.24
6qre,4.85
3zlr,9.26
3ztc,4.56
3zmq,6.44
2jjr,8.2
2rcu,6.68
4dma,6.19
4rpn,6.96
4ewo,7.36
2w5i,4.54
5f00,6.6
3dzt,7.22
4nni,5.5
3wha,9.32
3m96,7.22
3nif,5.1
5hbs,7.73
4yee,6.49
6hd6,5.7
2pze,6.08
5lyw,6.15
1gx8,6.37
6gcl,4.47
2cne,8.77
2rg5,8.51
3uij,4.7
2cgx,4.81
4d0w,7.7
1efi,1.92
3gk2,2.7
5khk,6.39
4bfp,7.82
5tx3,8.85
4pyo,4.52
6b1e,7.47
4fns,6.7
1z6s,4.34
6f3d,8.4
4fcq,7.0
2xv1,5.99
1bty,4.74
3dpk,8.39
6rqk,2.8
3qgw,5.89
2wc3,6.08
3ts4,8.72
1nkm,7.3
4b11,5.64
2io6,7.52
6f3g,7.16
3aza,5.13
4mx5,4.55
3qc4,8.7
6n3v,5.61
5ivj,7.34
6q6y,6.0
5tol,7.48
1r6g,9.21
6oy1,10.24
2q8i,3.4
5gx6,5.8
3w69,7.24
3uo6,7.82
5h22,7.44
2pqz,5.67
4qme,6.52
1ajx,7.91
6gfx,7.92
3t2p,3.6
4mq2,7.01
4nvp,7.57
5uxn,4.64
1qm4,4.3
5znp,4.69
5vjp,4.83
2esm,6.28
6cvx,7.68
4zyt,7.77
5j9l,7.47
5oai,5.15
2igx,7.27
6do3,8.03
5vdq,3.67
4kot,5.46
4pli,3.16
3nin,4.91
2j7g,7.0
3qx9,4.05
6qwi,4.29
4lkf,5.37
4o7b,4.7
3rt4,8.8
5iv2,5.1
3arn,5.41
3mho,6.49
4ehv,2.29
3nf8,3.0
2jkm,7.75
1n5r,5.66
4i7d,7.0
6jav,5.76
6pvy,3.19
5tts,7.25
5xvk,5.05
6izq,5.5
1ws5,3.03
2wzz,5.4
1zzz,5.14
5iz9,5.42
5a1f,4.61
4ool,6.85
5dht,6.0
2hr6,4.82
4enx,6.26
1yc4,6.55
4pd7,3.92
5g60,6.52
4ach,7.66
3efk,7.85
6c99,5.62
2m3o,5.3
6nng,4.23
4bxk,7.95
5qj3,7.62
4ycl,8.15
3d2e,6.42
3v7c,5.74
5tzg,5.8
2o7n,7.82
3zm4,5.96
6enm,8.32
3u15,7.11
5hjc,4.35
5op2,6.62
3suf,7.56
6nmb,2.7
4yp8,7.89
5ut6,4.24
4zw8,5.96
4q46,3.77
6aff,5.41
2opy,4.52
5ly3,7.51
5bpp,4.8
3cyz,7.22
3fr2,6.23
4wkv,6.79
5a8x,8.19
5ddd,6.59
4len,7.4
4aqc,9.05
2qbu,6.19
5lz7,6.28
6ezh,7.04
6sen,5.55
2vie,7.48
6ibl,9.31
5acw,3.84
3emg,8.05
5nwg,6.18
5vqr,5.92
3qpn,7.77
1ycm,8.0
6dhu,3.13
4afj,6.4
1qbs,9.47
2g01,5.91
6gnm,4.26
3aid,6.86
5kgw,4.79
3d94,6.8
2wi7,7.24
4x8s,1.89
5t7s,4.1
5y7z,7.81
3d3p,8.5
6eog,5.8
5tcy,7.66
6un1,7.89
4lar,4.68
3lxo,4.82
3skh,6.05
3i6o,10.35
4c71,3.42
6c7i,9.42
4mzj,5.8
2yg2,6.05
5z7j,6.6
2wtc,6.51
3ppk,8.85
3bv3,9.34
4ymj,7.0
1gz9,3.51
6jij,6.64
3gol,7.09
3bm9,6.72
3sjf,7.64
4e1z,8.52
3t2c,4.6
3k27,4.44
5usz,6.97
5ls6,9.0
4k6u,4.14
4fny,7.8
5mi6,7.3
5oae,4.6
3k3g,2.85
4h81,5.12
2c5n,6.66
1v2l,4.29
1q6t,8.3
5g11,7.21
4dhn,3.89
3lvw,2.67
4ay6,5.12
6apv,6.96
5ur5,7.14
1gca,6.7
3ns9,8.52
6gih,4.36
6dz2,8.85
1ka7,6.22
1hwr,8.33
4clb,6.55
3ryv,7.07
6i15,4.0
4xir,6.94
5j31,6.51
4gql,9.59
5a5s,5.9
5jin,5.64
1eei,3.15
2kp8,4.0
4nrk,7.62
2qyl,6.19
3a1t,4.83
5izl,5.73
6b5j,7.1
6nem,7.92
3rxm,3.63
5kat,4.1
2xbw,8.0
3g4k,6.54
6qab,8.21
1oai,5.0
5mw4,11.7
4gq6,7.28
1c4v,10.8
1npa,8.7
4ym2,2.85
5lpl,4.92
5h19,6.49
1hkj,8.59
2j2i,6.7
4abd,4.4
5izu,7.27
5jh6,8.48
5kmf,6.29
5wa8,6.23
5x73,6.74
3gta,4.28
5ohy,5.17
3uw5,7.85
3iob,3.42
5j8x,8.8
6b5m,12.0
1lst,7.85
3i7g,6.37
2gu8,8.59
2l0i,4.82
2r2l,9.0
3wci,6.57
2pj4,7.89
5o5m,5.23
1cwb,7.89
6s7z,5.66
6jbe,4.7
2fum,6.1
4nro,5.02
4cs9,2.1
6dhc,7.96
5nz4,6.28
1o37,6.82
2bro,5.85
6oou,11.3
1orw,7.6
4hiq,8.21
1eol,13.42
6dha,5.68
1di9,5.3
5hk1,8.37
2ajb,5.5
3zvw,3.9
4g3g,8.43
3bim,5.88
4brx,6.49
2og8,9.3
1z6q,6.7
1mrn,4.52
2ccs,5.7
4dem,7.55
6bw5,8.25
4etz,6.3
3p76,8.68
6cfc,3.68
4ajk,3.11
3ai8,3.81
6fs1,7.01
4fz6,6.9
6qzh,8.52
1tl7,7.92
3sud,9.85
5i8p,6.73
2yaz,5.14
4k3p,5.8
5tgy,7.35
5ohj,10.42
4mw7,5.0
3c1k,9.44
6dh3,11.3
5b5f,5.25
1i9n,8.66
3wcf,7.28
5m3a,5.7
6fvl,6.8
6oxw,10.55
2qt9,8.64
5law,7.1
3f5k,4.62
2wnl,6.0
3ghe,5.89
4mjr,3.55
4i73,6.72
2xcg,8.05
4jc1,4.3
5fpu,6.26
4fjz,6.29
3r2y,8.07
6c7f,9.62
6gi6,6.71
4ojq,3.3
3g6m,1.71
1cwc,7.8
5ivz,4.3
3hrb,7.68
5wip,4.71
2gfk,4.52
1sts,5.0
6e4w,6.7
5k05,4.96
4q9o,5.77
5zuj,4.78
5elf,2.34
4qvy,5.09
5dx4,6.86
2gd8,7.41
3v5g,7.13
5ye8,3.0
2qrl,4.0
4li0,6.59
5al5,7.15
1p4r,8.1
5uln,7.85
5dp6,4.83
6jwa,4.96
5sy2,4.96
5d6e,4.3
6ewk,3.77
5a3x,6.1
5al4,6.52
5fb0,5.47
4ha5,7.24
5w4v,7.15
6ccn,4.52
4yx4,5.97
4zbi,6.51
5hmh,8.15
1l6s,4.41
9icd,3.9
5fsc,2.36
1q6p,8.52
5bs0,7.12
4j48,5.62
3aho,7.05
4ot6,5.92
1k22,8.4
2aq9,7.3
3pr0,9.54
6ecz,6.57
4ocv,5.08
4bea,8.3
1g52,9.54
6g33,8.15
4ow0,6.82
6eji,3.52
2xzc,5.64
6e3g,7.36
5am1,8.52
5auu,4.68
2nxm,5.19
3d1v,3.49
4x6j,7.8
4oew,6.82
4xm7,3.57
2fgi,7.34
5lgo,8.22
3oag,9.51
4cu7,7.59
3el4,7.17
1qjb,6.38
1q84,11.05
2ym4,5.82
1v2t,4.71
6r11,4.92
5n53,2.55
3d2t,7.12
4k8s,7.44
6q6o,7.54
1exw,3.9
6fr2,7.92
2ban,9.0
5n3y,5.03
2uyq,5.68
5t4f,8.0
2ydv,7.86
4exz,7.54
4z1s,6.1
2x2k,6.52
3h0b,5.49
5kam,4.11
830c,9.28
4yuz,5.04
4r17,7.68
4xnv,6.79
1c4y,7.92
4g1f,7.77
4euc,6.1
3n5e,6.82
3ppp,5.22
1thl,6.42
2hrm,3.56
1wu1,7.74
4x63,6.77
2gmx,7.11
2qm9,7.77
3rj7,7.6
5ylj,3.86
2arm,7.68
1i9o,8.42
5zlf,3.48
2wwj,4.48
3lq5,6.96
2jbl,5.89
2ayp,8.15
1o86,9.57
6hwu,7.54
4lq3,6.35
4drm,5.24
1umw,6.55
3obu,4.3
6rn6,6.8
4bhi,7.05
3c2o,3.35
5qby,7.4
3k16,5.8
1gz3,3.7
4bnt,3.86
5htz,8.62
4kbk,8.18
5kej,5.11
1akw,8.59
4bi0,4.23
5i58,6.92
3ex3,4.44
5kh3,4.22
1bnn,10.0
1n4m,6.72
4mzk,5.31
5qcn,8.22
5qab,3.65
4q7v,3.59
1mui,11.89
2xs0,5.15
2qi1,7.3
1gi8,5.05
4f65,8.6
4c1m,7.8
1sre,3.85
4lj3,9.0
5yp5,4.6
6mg5,4.69
3k0h,4.6
4qz3,5.51
3kag,5.18
5f60,7.37
1ceb,6.0
1drv,6.54
1mx1,4.0
4el5,5.37
5kzi,10.0
5n9t,6.66
2wtd,6.68
6i16,4.0
5nf6,7.46
5a5v,7.48
4qag,5.32
3cfv,6.05
2afx,5.15
3d7d,7.85
3feg,4.35
5dhr,4.64
6c9v,6.92
4lj5,6.29
6oxt,9.95
4bhz,4.27
1xws,8.0
4hvg,7.77
3cd7,7.84
3jzs,8.1
5c2e,8.7
1jyi,4.0
3b8q,9.3
1f0r,7.66
4pni,6.09
4yvc,5.96
4dru,8.62
5fao,7.96
5i86,6.28
4zk5,8.43
3nww,8.15
5l4h,3.75
2vx9,7.44
5na0,9.77
2p1c,7.68
5wfc,4.9
1ynd,8.44
6sfk,7.15
5dgw,11.05
2wuu,7.16
5o0b,4.18
2glm,5.37
3jzk,5.91
5v1y,8.15
5w4r,7.48
6p5w,5.29
6ipm,3.69
2yhy,5.6
3ove,6.57
1b6l,8.3
4uoh,4.77
5d9p,3.2
1uv5,8.3
1qpf,7.57
3ksq,9.42
4re9,4.92
4ps3,8.7
4u8w,11.24
5w6u,5.49
5op6,4.68
4wht,8.1
4bah,8.7
1b4h,5.46
3nzc,7.02
4p90,7.19
3tcg,5.87
2ow0,6.7
4qw5,6.35
5esq,5.8
2pvj,8.1
2oax,8.65
3rxp,2.08
5ai8,3.9
6qxd,6.02
3ikg,7.24
6hop,5.62
3u51,5.51
6h4v,6.21
4c1c,4.97
5th4,2.85
4eft,4.07
1v2r,3.55
1l2z,3.69
5j47,5.31
3new,5.0
3qd3,8.0
2w6c,8.41
2j7x,8.77
3i4a,4.28
5nau,7.52
5jk3,8.14
3opr,6.59
3s6t,7.35
1azm,6.1
4hlw,5.38
4c1e,7.14
5typ,7.6
5yfs,4.86
4xg6,8.01
5nvw,6.77
6rml,5.82
1koj,6.7
5nxy,5.05
6dgo,5.47
6qln,4.66
4u58,2.0
2vew,7.19
1tft,8.3
6u9v,7.4
5h7h,3.77
4k75,4.25
3m3e,4.43
6qr7,7.15
5uxm,5.44
4kba,8.22
1c70,10.3
2zof,8.15
4igk,4.55
3hii,6.54
2gvj,9.52
4rs0,6.0
5uxf,7.06
3nwe,7.6
2c1q,13.0
2uze,4.33
1pwu,5.68
1ajn,2.63
6nfz,7.8
5xms,8.14
3b2t,5.21
3dp0,5.85
3rwe,7.37
1w83,7.19
2ph8,5.74
6buv,4.74
4ycw,5.68
5j6l,7.89
3vtd,7.92
3r24,5.25
3lxg,8.14
3fr5,6.35
4uwk,9.0
4e0w,7.48
4kc2,3.31
6epz,7.14
4l4m,8.0
5vex,4.63
1g3c,5.8
3bc3,6.81
6bw3,5.53
4imz,6.92
6rjp,8.96
3l0e,8.0
3v2x,5.35
4l2x,7.41
6fx1,3.98
5zdc,5.75
5kbq,7.0
1ghv,4.35
4omj,5.26
1n7i,6.59
2wd7,4.97
4n8e,7.7
5eis,5.74
5i2r,7.72
1i9m,8.48
1csi,8.8
4qoc,9.92
5sz1,8.92
3i7c,7.74
4zyu,5.97
2v58,9.09
3l4v,6.72
5urm,5.28
4zup,6.77
4l32,6.84
3wfg,6.92
4xuh,5.73
4nrb,4.42
1np0,3.57
4btu,9.3
4rcg,5.03
2yiu,6.89
3fwv,5.64
5nkh,7.59
3k8c,2.92
3f5l,3.72
4g3f,8.36
4d63,1.64
3wiz,8.36
5zku,4.3
2v0c,5.68
5z4h,3.02
6j06,6.59
4v04,8.11
3d91,9.15
9hvp,8.35
4p4e,6.74
1h5u,6.75
2b2v,4.77
3lce,3.81
6prc,4.77
4k63,4.22
2wti,7.04
6hlb,10.27
6eq7,7.0
5i4o,7.28
4ylj,8.22
2uxx,3.3
5mb1,6.6
6e22,8.89
5ayf,4.82
5bvk,4.0
3nba,3.41
6eq6,4.82
6inm,6.29
4jq7,6.41
5mrb,6.33
5h9q,4.42
2bed,8.15
1h28,6.52
3rt8,6.35
1hvr,9.51
4ln7,7.39
2fl5,8.74
4ocq,4.61
4isu,3.68
4x5y,8.03
1bmk,7.6
2ye9,6.22
4l2l,5.7
2xah,3.55
3ip8,2.28
2ga2,5.52
3dek,7.57
6fty,2.7
1vcj,4.59
5vqi,6.25
4pzh,8.0
2aoh,4.44
5i56,7.32
5oq4,7.6
4gpl,5.89
4wcu,8.52
5flp,3.2
5cbs,5.41
4cxy,4.93
2xaf,4.64
3rv9,4.92
5n25,7.78
4r5a,8.7
4mlt,2.85
4erf,9.4
1d4w,6.92
5tho,7.64
1p19,4.11
4zv1,5.24
6g8l,5.0
1rti,4.77
2ovz,7.89
5fqp,7.72
3kmy,4.49
1sfi,10.0
1w0y,6.42
2iuz,5.55
3umx,6.62
6pht,3.41
6gon,5.67
3u8j,8.51
5he4,7.7
4re2,4.98
1bnt,9.8
1fl3,6.8
2wzy,10.72
4gbz,3.11
2jko,8.11
5eh8,3.1
3wv2,7.92
6dpt,7.11
3c4f,5.72
5mnr,5.46
2d1x,5.1
3c39,3.96
3ik1,4.85
2uzl,6.21
5km3,4.6
3l5e,7.57
4qiy,7.3
6ezq,4.66
2qlj,5.36
1o0d,8.21
1nqc,7.3
3r8v,5.54
4lm1,3.23
2vpe,4.94
5wzv,6.68
2r2b,4.2
4i2z,4.87
4p5e,5.55
6jan,5.79
4wf6,6.3
5c7n,6.57
5mo0,4.68
5edq,8.7
6rih,3.98
1mfg,4.3
1mqi,7.63
3f68,5.06
3btc,5.75
4o1b,6.41
1pig,9.15
1w70,3.7
3rxb,2.66
5fdc,7.46
4cc5,4.42
5qa8,3.77
4muv,5.76
2yel,7.28
3h8c,7.72
1lhg,7.1
4nmt,4.85
3wq6,4.59
4igr,7.2
1xmu,9.08
5kcb,6.0
5boj,7.0
4oiv,5.08
3pju,4.88
4fs3,7.85
5m5d,3.95
2vtm,3.0
1doj,8.96
5uwm,6.45
5mes,6.47
6h34,9.3
5o9h,6.62
5luu,5.06
3q2g,8.46
4l2k,6.44
5aly,6.73
4zy1,8.14
3vjm,9.43
6f6n,3.02
2bow,4.0
6ega,6.78
5lvd,2.62
2zg1,2.1
1d8m,8.51
4az5,5.99
1u6q,5.88
2uwo,8.7
6qrg,5.0
3l0v,7.64
3avk,3.3
5ze6,3.35
3ivx,5.74
6mod,9.15
2y2k,5.16
5wf3,5.85
2qk5,8.1
1dif,10.66
2l6j,6.26
4w9w,7.48
5d3x,6.36
6cwi,7.54
6qmk,7.46
1nvs,7.82
6qxu,8.15
4i9c,5.51
2gj4,6.5
5yc2,4.94
3h9k,7.85
5ek9,7.33
5k13,8.74
4jvi,5.3
3t4h,5.28
4hkn,5.96
3t4p,5.19
1str,4.77
6pz4,9.4
6e1z,3.82
5cil,7.39
3p8p,4.55
2rvn,6.77
4wkp,9.55
4wmv,4.03
3g1v,3.19
3e01,7.52
4l09,6.07
4bgy,2.96
5xs8,5.41
3cii,6.1
4n6y,7.04
4qf9,4.43
4qfn,4.12
2evm,6.16
3psb,8.52
3su6,6.02
1prl,4.23
5uch,6.01
2qch,3.6
2z7h,6.94
1g74,6.52
3tww,5.38
6fi1,2.15
5ikb,8.72
4j84,4.69
6o5a,6.29
1ndv,5.92
1elc,6.66
4b6u,5.11
6cdg,5.72
4tjz,5.97
1inq,6.27
3ixj,9.49
1ms0,2.91
4g3e,8.38
5uci,5.37
1utr,8.0
5vad,9.12
5hh4,5.96
1aht,6.21
6g1w,8.14
5ho6,6.69
2y5g,6.84
5zk9,7.34
3k8q,11.28
6s57,5.1
2v2v,4.07
6hou,4.27
5t1m,5.82
4ghi,7.09
6mdb,7.17
3bmq,5.49
6b5o,8.33
2aa6,9.41
2yns,7.6
5fjx,4.96
1akv,11.59
6dql,7.89
5f1r,6.0
1tni,4.0
4eh4,2.81
2ww2,4.85
5fxs,8.05
2x9f,7.21
3dpf,7.24
1pvn,9.82
4csj,8.31
3qai,8.1
4b71,5.89
6bmi,5.05
5ou2,3.22
3l1s,8.7
5zhn,8.8
5jal,2.47
6dih,2.72
3il5,5.8
2il2,7.1
2wpa,8.1
3pjg,3.55
4uct,3.12
3o88,6.37
1ui0,7.06
3b28,8.47
6bt6,5.91
6c8c,6.38
4l7u,5.66
4q8y,2.64
6ms1,5.22
6qw7,6.33
6f6d,4.1
5cfa,6.54
3g19,6.67
5tgc,6.7
2r02,5.1
6mny,8.82
1txr,7.74
3q92,7.92
3n3g,7.24
5o55,4.7
5m6m,7.36
4ipi,5.32
4bti,9.7
1i90,8.89
4z83,7.4
5k6a,4.51
5y2f,5.15
4w7t,6.05
6mll,3.62
4ibg,3.97
5l4m,5.34
2pvh,6.59
2vj8,8.7
6no9,10.52
1rbp,6.72
4ztq,6.32
5d3c,10.4
4em7,5.11
4aba,3.82
6hro,7.3
3wzn,7.0
5uv1,5.62
3hu3,6.89
2kbs,5.0
2nv7,8.3
4mss,6.4
4i7j,3.32
4y8y,9.15
6seo,4.74
4dht,4.82
4d1y,7.13
1nq0,10.32
4o0a,6.72
5dpa,4.65
4p5d,5.82
3np9,4.4
1n46,10.52
4li7,6.11
6g2a,3.79
4y59,5.24
5d6p,5.6
1i7m,9.64
6mln,7.54
1q5l,3.22
6qlq,4.51
4zt5,8.0
1fsy,6.82
1ru2,6.49
4tw7,7.59
3sbh,7.28
5fut,6.45
6hb5,5.83
5g2b,7.0
6kzc,7.94
5icp,8.42
2q1j,9.1
4m3d,5.41
185l,3.54
3hv7,7.92
3n7h,4.5
6h76,7.52
6qr3,6.44
5lwm,8.87
2fx7,7.7
3fzr,7.96
2pmc,4.19
5zk3,8.74
1zfq,7.52
5y7k,9.18
2h4g,6.52
6k1q,7.46
4ohp,7.46
4prn,5.66
4ieh,7.85
1r17,6.42
1pgp,5.7
3wyx,8.37
5xvu,4.65
1ny2,2.76
6s90,7.89
5agu,10.0
6n9h,4.26
6f1w,7.96
5k32,8.8
2cli,4.3
4lbl,4.96
4m3b,6.4
5cc2,4.1
6np5,4.57
3skk,4.47
6fkz,6.05
5ota,5.74
2ez5,5.52
3bu8,6.92
6hrw,6.0
2v86,4.46
2exm,4.11
4xs2,5.82
4k3k,2.35
4lw1,3.15
1wbs,6.2
5lsx,5.92
5ctc,6.35
5lzg,3.1
4rfr,6.54
1q72,6.85
5wa7,6.4
6gqm,4.48
4q9s,3.81
3l3x,6.15
6etj,6.72
3c2r,3.11
1xdd,6.7
1cny,7.85
5a5r,5.9
4nct,7.55
2jew,6.69
4a7i,8.7
6ayt,8.85
6evq,2.0
4y4j,2.47
1b51,7.37
4ez3,4.35
6h50,6.81
1f1j,8.8
4wa9,8.42
5u3b,8.82
3ni5,7.55
3jpv,6.92
3dcw,9.0
4ucv,2.88
3waw,6.24
6cse,5.6
5kbr,6.59
2ojj,8.7
4qf8,7.51
6d56,8.05
3hdk,4.76
4mm6,6.69
1o42,8.05
2w70,4.92
2weo,6.93
1i8h,4.54
3chg,3.99
3f66,6.05
4kz8,2.8
6nvg,8.07
2w06,7.08
5i0b,5.06
5ort,3.05
5tiu,8.3
4xjs,7.12
1oz0,7.7
1m5e,7.7
5cqj,4.81
3lc3,5.23
1inf,5.0
3h1z,4.66
5fpk,3.55
2rk7,4.05
4mma,6.04
4tqn,6.11
3dx3,6.52
1fbm,6.22
4mbj,7.21
4dcy,4.52
4pb2,4.8
6maj,7.47
6nrh,7.26
5jv1,6.07
1ypg,8.0
3u7k,7.07
2eum,6.7
4qo4,8.3
3fee,6.64
5hvs,7.15
966c,7.64
2wxm,7.4
5f5b,3.95
1a09,6.7
4no1,7.57
5zia,6.52
1jao,5.92
1oxg,10.57
5e8w,4.39
2a3a,2.82
4gkc,6.82
5fbo,9.51
5nin,7.12
2vsl,8.4
4ozo,3.83
1xm6,6.38
2e9n,8.21
1tvo,6.85
6ba7,8.15
6f08,5.39
1gj6,7.0
2wb5,9.13
5aag,7.34
2qzk,7.57
5itf,5.74
1jqe,6.44
2etk,6.82
4io7,3.68
5exw,6.82
4fkk,9.3
5wfw,6.1
2cfd,7.49
1yye,8.57
5ivn,8.85
6hmx,8.89
6eqm,7.96
3ps6,7.74
1al7,7.8
1o2q,7.68
2y81,8.7
1o4f,3.52
3pjt,4.88
3mof,3.07
5mge,4.06
5ev8,5.22
5m4q,3.51
4ybs,7.24
1k1l,6.9
3g34,2.96
5jz9,3.57
5i0l,7.74
2xch,6.43
3qaa,11.54
4gzt,7.77
5h5o,6.56
4ona,8.15
6gl8,8.61
2vhj,3.9
1usn,7.74
4tjy,6.44
5eps,4.42
1nl6,11.32
1pmu,6.23
2aoc,4.89
2yiv,2.78
1dtt,8.3
2o7v,5.96
2isv,7.43
4xe1,7.11
3sbi,7.92
6gj5,3.36
4wvl,6.88
1y2a,7.34
4kov,3.75
3vtc,7.89
2bdf,7.17
1pxm,7.22
4wyp,3.36
5epp,4.16
1x8s,5.1
3qem,7.22
3upx,8.12
2oqs,5.89
3u6h,9.0
4yo8,10.52
6d18,5.85
3lj3,9.03
5l9o,5.4
6m88,5.96
4yv5,6.22
6plf,6.67
3hg1,4.74
3t0m,3.94
5hda,5.13
3plu,5.77
5alw,5.15
4p72,4.09
5owt,8.17
5a3o,4.73
4yef,5.35
1nlo,5.47
3u6i,9.0
2dw7,4.7
1ogu,7.47
1d3d,9.09
3puj,4.51
6d28,6.7
2yjq,5.28
3x00,9.08
3hdz,7.29
4kod,5.36
3g3n,6.29
2ybk,4.62
2zm1,6.66
2hmu,7.7
3hvh,8.52
2kce,6.17
1rsd,6.52
3ua9,7.25
3p8n,9.28
2wij,3.2
3udv,5.59
3n75,7.89
5z66,6.69
3t2t,2.4
2byp,9.06
5epn,8.66
2zju,5.81
5upf,8.6
4i1c,8.1
1ctu,11.92
2qx0,6.11
5wa1,4.17
1m9n,6.92
3d7h,10.22
2ym5,6.37
6pf3,4.55
4b5b,6.41
5iza,5.51
1lrh,6.82
4e9c,5.96
3fgc,3.92
1b9t,5.1
2y6c,5.0
6hu3,6.3
1c5f,6.07
3hy7,6.97
3px9,3.42
4f7v,5.38
4qbm,4.58
4ks2,9.34
1fpp,8.0
6ai9,6.74
4aji,3.55
1juj,6.96
5sy3,4.37
3i0s,9.0
4io4,4.61
3dyo,2.3
4hwo,8.54
5qay,3.23
2ko7,5.19
6oe3,8.32
6r4v,5.76
5twh,6.55
3cke,6.1
3r7r,8.74
5u6j,7.64
6fgq,7.85
1njj,2.1
5f32,4.94
2p7a,6.1
3wmc,6.51
3qcj,6.3
3h0v,4.82
6ueg,4.71
2poq,4.42
3ad7,2.52
3k02,5.0
2zft,6.52
1yet,5.92
5eta,5.8
5hx6,8.0
4mlx,3.19
6tyz,6.88
1g4o,8.25
1s19,9.51
6n92,4.97
5exx,5.39
2wly,6.6
3l5f,6.22
4x8t,2.05
4xum,4.67
2b7f,7.3
4xtz,9.82
5ien,6.52
5ewd,3.7
2z9g,6.15
5ypo,7.1
5n0d,8.48
2wj1,8.72
5c83,6.8
1mxl,3.81
2o9k,4.11
5dlz,5.74
4wz5,5.51
4eqf,6.81
3iw8,4.87
6b3v,9.69
2f9u,7.39
5fou,3.95
4int,5.8
3rum,5.77
6hjk,7.6
2l98,3.61
3t0d,2.37
4ipj,4.87
1o4r,2.41
5fsm,4.4
2h9m,4.46
1q4x,9.48
4mcd,5.33
2rc8,6.52
2r0y,3.0
4fxz,7.03
5nfb,6.11
3bu6,5.89
4ij1,5.4
2oaz,8.7
5ahj,8.23
4cpu,7.53
4jv7,6.0
4ael,7.92
1sc8,7.44
2jdl,9.43
5mft,7.47
1d4i,8.85
6g47,2.18
3g2t,7.0
5wg4,7.0
6fii,8.02
1uyh,4.84
3dbs,7.12
4abh,4.15
1g9s,3.61
4ps0,4.04
4yxo,7.04
2aay,2.92
6b8u,9.7
4o0z,7.24
5li3,7.28
4a16,9.37
5var,4.09
2gh7,13.0
1ua4,4.22
3g7l,6.72
6ft9,6.96
1i3z,6.88
2bz5,6.15
2clm,3.55
6f8t,5.15
4rxa,5.74
4e7r,7.7
2qhy,7.48
4efg,7.26
4i8x,2.64
5wdc,6.4
5z1r,5.7
5zh3,4.67
6h4u,6.16
4z2k,5.78
4puk,7.28
4bcd,7.48
4de7,4.8
3fh8,6.74
2w76,5.0
1my8,7.46
3as2,3.44
6k9u,10.05
3ueo,4.03
3vo3,8.85
5id0,5.77
1mpa,8.04
2r3w,6.89
3dz2,4.15
3zrc,5.27
3fzt,6.2
1ayu,9.15
1qxy,4.8
4zv2,2.93
4q4i,7.33
3sxu,5.05
4qwg,5.97
6pxc,6.47
5ap2,8.48
5wle,5.72
4acg,9.66
2yac,8.7
4wz6,5.6
5uv5,7.7
6qg4,8.07
6mhd,7.29
3ith,8.1
3u7s,8.43
3f70,4.85
5ie1,6.85
3nii,4.23
1icj,2.22
4o4y,7.81
4qpl,7.41
4q1f,8.04
4oyk,6.74
5nx2,8.49
5iy4,4.81
1akt,8.49
6dkb,9.15
3e3c,5.62
3s1g,5.19
1ru1,4.74
6r7r,6.33
3qlc,5.43
6am8,4.89
4ddy,5.62
4mz4,7.89
3u6a,6.49
2l11,4.82
1ciz,7.44
4emt,5.3
5f8y,4.24
3r2b,8.4
5mro,5.7
6j1l,6.42
5n9s,8.62
3ij0,4.88
6g5j,6.7
6sge,7.51
5f3g,6.9
4flh,9.0
1f0u,7.16
1waw,7.89
4umt,6.14
3ivc,4.12
5oq6,7.56
4ad6,4.78
1v2u,3.37
5k5n,8.05
1uwf,6.82
4ycn,7.77
3t0b,4.3
4wwp,6.92
5u69,6.22
1vru,7.0
3r0h,5.92
4a6v,5.72
5e80,8.3
3kvx,6.83
3v30,3.74
5jna,7.35
5djv,7.11
2qe2,7.77
4qzx,6.26
2avi,15.22
1gzv,6.57
6cpw,8.25
4lvt,10.36
3ogx,6.48
4xu3,9.5
6hq3,6.11
3w55,7.1
1e55,4.12
2ank,7.33
6huv,5.0
4r5w,7.13
6da4,6.34
3zmg,7.64
1qkn,8.47
4j74,4.59
1o5a,6.42
5y0x,5.11
4q6d,7.36
3fh5,7.06
3x1k,3.59
4mwb,6.49
6g9i,3.93
1rql,2.75
5lbq,5.11
5axq,10.1
4oyb,5.8
5w8j,6.43
3dp4,7.37
6n7b,9.22
5ihc,7.89
4zud,8.16
4zuq,6.89
2p3d,6.74
6skd,5.8
3moh,2.84
4fil,7.47
5kj2,7.82
4qsm,7.41
4ztn,7.72
2chx,7.74
3ioi,6.28
4kn1,6.84
3nnx,7.96
2haw,4.92
4n5g,5.0
1bux,4.85
6n83,6.27
3okh,5.24
2a0t,4.82
2x4z,8.57
1e1y,5.6
2ksp,4.24
4q7w,2.64
3sfi,6.4
5mrh,4.2
4ivs,7.36
1lkx,5.15
1ysi,7.44
1h7a,4.72
3g2l,3.87
3gm0,7.77
6f9u,5.13
5ovr,4.57
3c56,7.89
5q1b,7.31
4bo9,6.51
2imd,8.3
1svg,8.7
3g0f,7.66
4hs8,7.92
5oht,6.02
6k2n,1.36
5lhg,5.6
5h9p,7.17
3kgq,2.3
6m8y,6.38
5ld8,8.05
5zvw,8.62
4m2r,8.49
2krd,2.7
3fui,6.8
5nxx,4.77
6i17,6.6
6bef,3.98
5n16,5.3
4qmy,8.4
6f9g,5.7
4rn1,5.0
6q73,6.9
2bks,7.43
6a1c,8.15
5cxz,6.26
4z1q,7.82
5mgi,5.95
4m6p,7.27
6bu1,7.22
1t7d,6.03
3hb4,9.05
1f8a,5.0
3p7a,6.28
1g6g,6.28
4emr,7.49
3n9r,7.15
4oem,5.3
5i2i,4.3
5uiu,9.7
2bmc,7.57
4e70,5.28
6pvz,3.47
5gs4,7.07
6cyd,8.7
4a4c,3.61
4a6c,7.92
2f10,3.48
4oo9,9.07
2uzb,6.92
2j9h,3.39
4mwv,9.4
3bgc,5.02
1bp0,5.4
4ju3,7.07
2qyk,5.48
4o70,4.72
5his,4.71
3rxd,3.73
4el0,4.49
5u0y,6.08
5sym,6.55
6fzu,3.67
3r04,6.92
4i7b,5.7
4ayu,4.73
4k3h,6.85
4j1p,7.05
6fa3,7.42
6aom,6.2
4m5o,6.42
5ezz,6.84
2g78,6.92
4fcm,3.94
6emh,6.08
6bh0,6.66
4w57,4.85
5e0a,6.59
3i4y,7.05
1x9d,3.96
4aa5,7.8
2o4s,10.51
6u6w,5.33
6eo9,6.8
3fcl,3.5
5nkn,9.92
2y55,3.87
5lt6,5.41
5l8c,7.0
2wa4,4.74
5gn7,6.05
6i5y,8.54
5yz2,4.95
6eya,7.48
2gg8,4.6
5all,5.57
2zmd,7.01
5eeq,5.82
6g2c,4.66
2h42,8.62
5mwa,6.82
1a7x,9.7
3fsj,3.95
4xtv,9.27
2qcd,3.4
1pro,11.3
5x27,9.4
6gnr,5.44
1jwt,7.85
4ask,7.22
4g5y,2.77
4y2x,6.29
8a3h,4.06
3m89,6.16
4zwz,8.7
6gxq,7.1
3sv6,7.46
3zmp,5.67
3kaf,6.08
3i6z,7.3
2lcs,6.7
3wdd,6.11
3bxf,5.54
1z3t,3.94
6nsp,7.36
5kcv,8.3
4xhl,4.43
4x48,6.77
6nwc,7.74
2y2n,4.57
4x3h,4.23
6i14,5.82
3qfd,4.17
5ksx,5.43
2xnn,4.3
2rkf,9.08
3ati,3.73
1t5a,4.62
4py4,5.77
5ot3,5.23
5orw,3.1
5k5s,2.69
2l75,6.05
3q2m,3.8
5hi7,7.85
5q0f,9.89
2fsv,4.6
4qc1,4.99
4jbs,7.96
6qqt,4.23
2vpn,6.72
5e8f,8.64
6csr,6.84
5i2e,6.64
1o5e,5.74
3ej1,6.92
3qkl,8.05
4q07,8.14
3r5m,4.34
2xdx,6.46
5hls,7.41
3ff6,7.15
5lny,7.38
2w2u,4.46
5m44,7.4
1xug,7.05
4ykn,8.0
1e2l,4.29
1n0t,4.91
6uf0,7.14
3rwd,8.0
4why,8.1
4p58,4.6
5oui,4.03
3cy2,7.22
2w54,6.98
1nzl,7.15
6fbv,6.52
4x7l,8.05
4mp2,5.45
5ywx,9.85
1jyc,4.34
2ll7,8.8
3q5u,4.31
1esz,6.52
6d1g,4.47
3p44,8.01
6fmi,5.03
5gj9,4.99
6bqd,6.39
2psj,7.7
2o4z,6.25
6pvx,7.17
5u4d,6.33
1upk,6.4
3iut,6.34
1yei,7.46
1wtg,7.03
3dsu,7.03
3gbe,5.0
4c73,4.92
5tzw,6.01
1bt6,5.7
6pgo,4.7
5twl,7.98
4z88,5.39
5yas,3.26
6ocz,8.52
2uzn,7.52
4ipf,7.74
6nco,4.52
5nsx,6.4
2xxw,6.41
3tpp,7.82
5nkc,7.72
5g2n,7.03
5ddc,7.04
2of4,7.09
3fvl,6.07
1wkm,0.82
4u2w,6.0
3jdw,3.6
3dv1,6.23
6e1a,8.85
6otg,7.5
2pj0,8.09
3sow,5.14
5e0g,5.8
1g7v,6.4
6nfh,7.15
5ak2,8.41
5f5z,7.07
3jrx,9.0
5kpk,8.3
5afx,5.92
3zep,7.66
6czd,3.85
3bea,8.15
5svl,8.55
5k4x,6.42
5hcx,8.39
4xaq,7.14
3itz,8.85
3bx5,8.46
4rcp,5.35
4iuv,5.72
4ayr,7.0
4zwx,8.7
3ip9,5.62
4cts,5.0
5lso,5.85
5abg,8.05
1uvs,5.4
1opi,7.3
2qci,8.34
1hww,7.7
5ega,5.06
4i54,6.96
5npc,4.0
3eb1,4.79
6iou,3.73
3el1,9.64
3wgw,5.89
1k3q,6.52
5tjx,6.82
4o9s,6.55
4b76,4.54
4wke,8.1
3w5e,7.96
4l6s,8.52
5wxp,3.35
3kac,3.13
3ubd,5.54
4jht,4.99
3cm7,6.57
1jd6,7.39
6gnp,4.55
5tt3,6.71
5m55,6.62
2hds,2.0
2xpc,3.9
1ux7,3.0
5ypp,4.64
2xvn,3.95
2hl4,7.64
3fea,7.44
1xdg,7.3
5q0y,5.73
4a4v,6.54
4c2v,9.0
5j3s,7.72
5ap4,6.46
4ch2,5.99
3fu5,4.12
1a4k,8.0
5f4u,7.02
2vr3,4.98
4np3,3.3
5kre,7.23
4qev,7.66
1hpx,11.26
1ugw,3.09
5z68,5.89
3eid,6.35
4e5h,6.37
6jki,6.39
4yff,8.0
5mwp,7.5
5ot9,4.07
5huw,6.23
3zn0,4.97
1rrw,4.55
2kfx,4.0
5f41,4.17
1bzs,8.0
3gsm,6.48
6pf4,4.8
5ke0,9.7
1db1,9.26
2mwp,6.05
5htb,6.77
4lhv,10.0
4hct,7.14
3zzf,0.4
4nau,9.06
4y8z,10.4
3l1n,5.63
5zqu,5.15
6k0j,7.89
3r5n,5.78
1tt1,8.15
5vfm,3.82
4pfu,6.17
2xxx,6.41
5drr,11.46
5g10,8.01
5etr,6.52
6gbe,3.5
1lxh,7.19
6aoy,4.97
5ofu,4.2
1nhw,4.84
3u78,5.6
6db4,7.31
1zd4,3.6
3oe6,8.09
2vd1,6.86
4mf0,8.08
5cau,8.8
3g2v,6.52
1adl,5.36
4pnr,6.34
1x78,7.85
5alj,5.56
6r9x,2.96
5vja,6.59
2cm8,5.87
4dea,6.59
4q1b,8.72
1c86,4.7
4lj8,5.82
4l2f,6.23
5lle,10.22
4qy8,7.19
5iw0,7.22
4hw7,7.21
5mby,3.51
4k9g,5.82
2f34,6.89
1dm2,7.15
2g5p,8.42
4zsh,7.05
4x3e,5.47
5t6z,4.21
4y8c,7.96
6q4q,6.82
2oc1,5.37
4jsa,4.96
1qf4,6.18
5m4u,4.89
5ely,7.36
2of2,6.68
6ffi,8.1
5exn,7.64
5llg,11.13
4est,5.02
4bi6,3.95
4q93,4.65
1xor,6.41
1vgc,5.92
2y4s,6.15
4nhx,5.72
6ufo,4.46
4eyj,6.21
1ydd,7.07
1lox,5.52
5okt,6.03
5y6k,6.07
5jf7,6.04
1efy,8.22
4a9t,7.15
3hqz,9.38
4fsl,7.7
3fc8,5.39
3bf1,2.52
4r6v,7.45
5n84,7.96
4pda,4.21
3iqg,4.6
6drx,9.24
1o36,5.96
3u8d,6.33
4lnf,2.62
5a5p,4.0
5i8g,7.52
3dp9,9.68
1snk,9.6
3ti4,6.02
4lm0,3.25
4qmq,6.59
2o9r,1.68
2jdn,5.56
2xk8,5.62
6bm6,4.68
4b81,4.92
5w7j,6.1
2fx9,7.77
4my6,5.62
4ppb,10.0
6r0u,4.4
4bda,5.57
3gjq,5.33
4uzh,5.01
1tnh,3.37
1sri,6.08
3tpu,4.32
6g14,5.49
2y06,6.1
3uxg,3.96
4x0f,7.0
3kb3,6.82
3h2a,3.96
3co9,8.0
5os0,2.55
6qas,7.74
5mzg,6.86
1bm7,7.52
3prz,7.59
3twu,5.62
3sww,8.4
6m9l,7.54
3tll,4.39
5t1i,3.92
1x8d,2.21
5owa,5.46
4f08,6.6
6pya,6.82
1m74,7.0
5wbp,4.36
3uqf,4.7
4cfm,4.74
5fso,6.09
2jxr,7.05
3h0y,8.22
3obx,3.89
3s53,9.64
4eoi,6.05
3rwj,7.8
3zos,8.89
2viw,7.14
6gga,4.85
1lnm,8.7
6aam,8.32
5lvn,4.7
5j32,5.08
3rz0,7.55
5e2w,7.51
2vh0,8.51
2jjk,8.05
2vth,3.92
6aum,9.1
5dhs,5.22
1o4b,5.7
4ef6,2.92
6f3i,7.68
4dvf,6.89
5zw6,8.0
6ppy,4.44
4fab,8.06
6n9p,8.4
5cqu,6.54
3v5p,8.96
1ibc,10.25
1t69,6.32
6mo8,5.84
3snd,5.08
4uy1,4.7
6d5j,6.34
2xno,5.93
2vmf,5.85
4u7o,3.35
6hzb,8.98
3ejp,8.55
2fah,1.3
4k5z,3.0
3neo,5.92
5heb,6.1
4fem,4.06
3oyq,7.99
6kmj,4.79
4z7n,5.04
3byu,9.1
6df1,6.56
5eto,5.57
4i7p,3.5
1y6a,7.66
6hzc,8.93
4avj,7.44
3uxd,4.41
3hit,8.19
2cgw,4.76
6qxj,4.79
3rx5,6.27
5cu4,6.49
4wj7,4.89
5un9,7.68
5ivt,9.1
3eqb,1.82
2wmv,5.04
1wcq,6.26
5tbj,5.82
6bsm,6.8
3tkz,5.92
4lps,5.74
6ey7,4.3
4fxj,3.62
2yoh,4.96
2f4j,5.66
2h13,5.35
4c94,5.05
2wr8,5.44
6qcj,5.6
4bo6,6.74
4lmn,10.3
6n3o,8.62
1w84,4.46
3zh8,6.47
5zxk,5.48
4oc4,6.98
1rq2,2.52
5qan,3.96
2x6w,7.1
5w2q,6.88
5o8t,7.13
1rwq,10.0
3wzk,7.24
3cr5,4.19
4o44,7.85
5dia,10.46
5ngr,4.62
5ccl,4.77
4ng9,7.12
2fys,4.36
3g42,6.85
6c5k,7.16
5oxn,1.96
1e37,3.7
4g4p,6.89
5i4v,8.52
6h77,7.33
6h4r,7.03
3s3k,4.01
4m7c,6.12
1h0r,3.7
4r6e,7.78
4mz5,6.1
3p79,5.64
6olx,5.38
5knu,5.55
5kx8,7.42
2i4w,11.59
1oxq,6.3
1oba,2.44
6dh0,10.59
3c10,6.52
3wut,6.49
3ifl,8.08
1zz3,6.54
5kap,4.23
6qz6,6.49
2xne,6.72
4xit,7.27
4y64,3.1
6ftn,6.7
5ewa,4.82
5uhi,8.04
1qon,8.96
1pzj,3.49
4jlm,7.64
3sff,6.7
3ml5,8.52
3ebo,4.72
3gqo,5.41
2o22,7.17
6b97,6.63
2n0w,6.15
1kat,6.0
2vfk,3.71
3u9n,7.0
3rup,1.57
5fbi,2.8
3v2w,7.11
5tdw,4.7
1zsb,0.6
4gjb,4.0
4wt2,10.42
5uah,3.4
1fq4,6.4
6gy0,7.32
6hr2,7.0
3ijy,6.04
3frz,8.15
4n9e,7.82
4tw9,7.7
2w0s,3.3
4jyc,6.7
4e8w,6.09
4tw6,4.21
2xm9,8.05
2f14,9.19
4x2s,6.55
4gw6,6.2
2v59,7.74
5qbv,6.37
4x6k,5.31
6g97,8.38
5gmh,6.31
4dzy,5.62
5v82,10.15
2buc,7.0
6n5c,6.43
5hln,11.52
3veu,7.26
4r4q,5.09
2wu6,7.53
3igv,7.6
2am1,6.0
5ukj,7.16
1g2m,7.4
5c0m,5.85
2csm,4.3
6dki,8.64
2ael,6.29
5ujo,4.36
5nvz,6.77
4b6p,7.13
4bao,8.37
2j75,6.65
5akh,6.59
6jsn,8.42
2v3e,6.52
4iku,5.75
6c7b,5.82
4njd,4.84
1kne,5.6
5ntp,9.15
3e90,7.39
4fk6,9.7
5aaf,7.44
2ow3,8.52
4isi,8.14
5f39,5.1
6egw,5.57
2zu5,7.0
4ew2,6.68
3pm1,5.93
5l97,3.0
4ir6,6.08
3b1u,5.72
4cws,7.92
4hej,4.62
5unf,9.47
2gl0,4.82
4h3c,5.72
4ew3,6.74
3kc3,6.8
6udx,8.0
4ge5,6.57
4io5,5.03
2gvv,3.9
6eo8,7.0
2oc4,7.07
5k5c,1.62
5f0c,4.0
4byi,8.05
6n79,9.68
5x62,6.42
3kqp,3.42
3rvg,8.3
6bto,5.0
5tig,4.22
5xiw,4.96
3n2c,5.12
5mav,5.48
4mdn,6.22
6ncp,5.74
4i7k,3.04
1wur,6.66
3kqr,4.43
1n8u,6.03
4bw2,5.2
2f2c,6.35
1xqc,7.2
3cde,7.66
3ldq,5.36
2wjg,7.1
4hnf,6.15
6pic,3.39
4qgd,7.43
2tsr,7.54
2wib,4.93
6f0y,5.11
5h21,5.19
2vqt,6.0
3t0w,7.3
4kb7,7.49
2qln,5.43
6oie,6.15
3oot,8.7
5o0s,4.24
5e2k,8.03
4li5,6.26
1kuk,3.91
3m8u,4.89
4pl6,3.1
1pwy,4.05
4zeb,6.52
5l8a,4.91
2qe5,5.79
3mdz,9.1
4dhf,7.55
1zog,7.15
5bmm,8.4
5aeh,7.43
4h1e,8.52
1s64,8.4
5vlp,6.08
3vb4,4.31
2az5,5.27
3sjt,6.06
5znc,7.52
4j0t,6.74
2xx2,7.3
3ddb,4.02
6o5t,6.5
3f8s,7.89
5aml,9.15
5hmk,7.4
2gqn,5.35
2v16,8.22
4jg7,6.92
2ynd,7.49
3rz7,8.96
5ab0,7.59
4gm8,9.0
3wuu,5.14
6h2t,4.82
4u44,8.1
4jql,6.0
4ai5,2.92
3npa,3.87
4whr,4.12
6c2y,6.6
1n0s,7.45
5ul6,8.22
4i7l,3.99
3sw2,8.33
5m34,6.82
6ajr,4.31
2j4i,9.0
4qnb,6.59
4hnp,6.78
2ycs,8.87
4wtu,9.52
5e2r,7.06
2wic,5.39
3kb7,8.15
1uyk,4.77
3r91,7.04
3prf,8.85
3wiy,6.21
3fqe,8.3
5uc4,6.46
3pa3,9.0
3vv7,5.34
5cs6,3.2
2pvl,7.62
4g9c,8.64
6ghj,2.16
6oyz,6.73
1c5p,4.68
3kmx,4.82
3zv7,5.92
6uim,6.74
5n21,5.96
6hni,4.03
4j04,4.96
5za1,7.52
3n1w,3.3
4at5,7.42
6dge,6.72
4d8n,5.74
2vqj,6.44
5bot,4.41
5mri,4.4
3n4c,8.02
4fhh,7.46
4bds,7.6
3kek,8.36
6g2e,5.01
11gs,5.82
4ie5,4.82
4qo9,6.8
1utz,5.85
3pd8,6.46
2fqy,6.57
6bd1,4.78
2nxd,5.66
3s3n,7.06
5lx6,5.72
5ufr,8.7
5nrf,6.79
6n78,9.68
5agv,9.7
5nea,10.3
2v2c,3.41
3r02,9.0
4a50,7.91
3ay0,3.04
1u0g,6.15
5xsu,6.74
1zub,6.57
6e4c,9.92
4j8b,4.79
2oji,7.07
5nz2,5.03
1h3b,6.85
6axq,4.0
4csy,3.06
4lwh,7.57
6bkh,8.89
6pl2,8.06
5hvy,7.76
5w38,7.33
1qcp,7.52
3q7j,4.52
6h4y,7.11
2xc4,8.05
5w5v,6.1
4bgk,6.28
1xge,4.68
4dmn,5.64
2pwc,6.57
3c43,7.72
4u0w,3.0
5y53,6.37
5xv7,7.96
1bzf,8.3
4mwe,5.91
1y3v,5.64
3mo5,6.87
4r07,5.32
4y5h,7.82
4agm,3.98
2wot,7.36
4kbc,7.85
4bio,5.12
5ti4,4.59
3ho9,6.1
2uzo,4.57
5kr0,9.15
3njq,4.89
4o36,6.36
6d4o,6.28
4ie3,6.01
4htx,8.33
3doy,5.82
2r5q,8.57
2mji,4.25
4qkx,7.07
2q72,2.68
1avp,7.92
5a6n,4.28
4aof,7.1
5iop,4.54
2wey,7.12
6p3u,7.02
3ozg,9.19
4z90,4.66
3oil,5.68
5ful,4.74
5nxg,8.55
4j5c,5.52
3vv8,4.77
3sfg,6.06
4iu1,4.3
3zmm,9.14
3ty0,7.08
4y2b,8.36
5lcj,6.64
6hu1,6.72
3nnu,7.32
3mz3,7.83
6h7o,9.85
5y7j,7.29
3tg5,4.7
6ior,4.31
4rrf,3.62
5dlx,5.7
3tfv,7.1
6ftp,5.82
3v2n,6.1
5wik,6.21
4zph,7.51
5alm,6.53
5jjs,7.32
6q9u,5.89
4x8v,6.89
5h0b,7.96
3r0w,4.52
4ohk,8.3
1xsc,4.3
5fnd,3.49
1hk1,5.64
4pio,5.7
4pkb,6.94
4o2c,8.0
2xpk,11.3
5sxn,4.96
4an2,9.05
2oi2,6.3
2ccb,7.45
3ken,5.4
6ic6,7.82
5q0n,8.06
2ja3,4.0
2y71,7.37
2zcs,8.22
6eq4,5.62
6oja,9.7
5a8y,9.77
4yik,6.89
5td7,5.77
4wno,6.8
6oi9,7.19
1sqi,7.7
5jdc,3.98
1z5m,7.52
4y5i,3.52
4u6z,5.41
3wk6,5.2
5ya5,6.72
1wbo,3.0
2oyk,5.3
2rkg,8.09
5k5e,6.35
4ode,10.0
3krx,7.38
4kxm,5.59
1yej,7.46
2yir,9.77
5jzb,3.39
4ezx,5.8
6qfw,6.83
5zwi,8.64
5eef,8.32
3lpb,7.38
4fai,6.99
2lnw,5.85
1urg,5.82
4pg3,7.85
3bgp,7.04
2vcg,5.77
6e99,6.0
6jse,8.77
4x14,2.92
5l7f,9.05
4ymb,6.21
4dgn,6.46
1c87,4.2
5wfj,8.89
5jf5,7.2
6cmr,6.61
2pj9,7.92
5m7u,8.1
1uv6,5.12
4jft,5.46
5zms,5.23
3pcg,2.3
2ql9,9.03
6qe0,4.6
1sqo,7.46
2ydf,7.66
4yt6,7.96
6fui,4.46
6uvp,4.0
2auc,4.08
1lrt,5.64
6hvh,7.33
3d4l,7.49
6i0z,4.04
5glu,4.02
4pp5,7.74
6euv,8.62
1jg0,5.3
5ljj,7.21
1yy6,6.07
5f3e,6.86
4z7f,7.53
3s0o,4.48
1tys,5.49
3rv8,4.92
6pyr,9.0
4y6s,5.03
4awo,7.62
4nxu,5.54
3vfq,5.19
1kc5,7.0
4mq1,7.92
5uv2,4.4
3vzd,6.3
6ijl,7.93
5bjt,6.3
6qto,4.64
4ebw,5.06
4yqv,5.71
3nuo,9.8
4n4s,6.88
5ti7,4.96
6ud2,10.21
4lch,10.62
2w68,4.74
1hms,6.37
1hyv,2.3
5aes,2.89
4k5n,3.9
1a4m,13.0
1jr1,8.22
3rtf,7.35
5elq,5.7
5ddf,6.17
3v5l,8.15
5eyc,8.52
3rkz,7.08
3pxq,4.43
6oag,5.43
3vi7,7.39
6cmj,8.3
1jn2,4.09
5ol3,5.36
5cbr,5.74
4p02,6.4
4b85,4.06
5vwk,5.48
4ah9,2.46
5iz6,6.64
4ge4,8.11
4umu,6.19
5egm,8.62
6st0,5.13
2fs8,7.6
5d9k,8.4
1tpw,3.3
2qoh,7.7
3sov,4.21
1uj0,4.57
1c3b,7.57
6hub,8.1
1xp1,9.3
3rv6,4.68
2qpu,3.6
1o49,6.36
3nes,5.62
6iil,6.17
5vee,6.11
4n9b,5.28
2ww0,5.3
4rak,7.85
3g2h,3.82
6oqb,10.3
2boh,8.52
1s89,5.24
3d32,6.45
1ayv,8.0
4rlw,4.87
6o3x,6.25
6dq5,5.19
5wbz,6.41
3m6f,8.6
4j17,7.27
6h3k,7.96
3v66,8.89
4mue,6.7
6e3m,8.64
3tvl,4.0
2ycq,9.85
6d9s,5.96
6hoi,5.1
6f23,8.3
4hcz,4.44
1vea,7.52
6mjj,7.84
3u8l,8.05
5vdu,3.7
6gg4,3.69
4o74,7.6
6pml,3.09
1sdt,9.27
5akj,5.86
3n0h,6.21
4zjr,7.54
3nmq,9.7
6au2,2.3
3q8h,4.15
5mae,6.84
3faa,8.15
3agm,9.09
4r5y,7.64
3oli,7.38
5faq,5.28
4fpk,4.24
4gk4,7.85
4qlu,8.08
4n07,6.46
5ih5,6.3
1t49,4.66
6f9t,7.86
3zlq,6.04
2jc0,4.7
4ryl,7.28
3iae,3.89
5vij,7.61
3kr2,5.14
4qjp,8.6
3tz4,5.49
6hva,6.28
5ax9,8.1
6d1h,3.72
5enj,2.3
3zt1,2.7
2nww,5.48
5wg8,5.74
6qi4,4.37
4jsr,8.4
3mg4,9.3
6b5a,7.94
4mwu,8.49
3fa3,5.6
6q9w,6.24
5j7s,7.3
3kqd,9.4
4ci1,6.6
4u5n,2.48
1ws1,9.55
4c1y,3.6
6pnn,5.16
2ptz,7.82
3h98,8.3
4h36,4.27
4kip,8.15
5fqt,6.8
5lcf,4.75
3uxl,5.57
3c8e,4.15
2ajd,10.8
1cs4,5.57
1pau,9.46
2v5a,6.82
1egh,5.7
4yas,3.41
3cvk,8.0
1vjy,7.64
4tte,3.69
4cfw,6.29
3uvl,5.69
5fox,3.17
5m17,3.66
2wvz,4.02
3lcv,4.74
2bdy,7.77
3sdi,8.33
3l6x,4.4
6f8b,5.21
3wzu,5.89
6mji,7.29
4r18,7.68
1p02,7.17
5vkc,8.74
1jlx,5.8
1x39,9.22
5unj,6.62
6bw8,9.0
4btk,6.62
6uhv,6.92
4a9r,7.8
5k9w,4.59
4qna,4.64
1pzo,3.32
3d45,5.68
1gz4,3.7
3u1y,8.67
1kug,3.8
4bjc,7.85
4heg,8.92
5n6s,8.09
1g54,8.82
3mxr,4.95
6afc,6.03
5g5z,5.66
3ixg,7.57
1eef,2.92
5w88,4.52
6hot,4.4
3wzp,6.82
3as1,4.02
2gde,8.24
4mhz,6.87
4i4e,6.3
6idz,6.51
5zzw,5.51
3qqu,8.62
3jqf,4.46
3ffu,6.44
4dbm,7.62
5h9s,4.06
3rwc,8.12
6qqv,4.92
4bfz,6.26
5vzy,8.49
3nrm,8.4
6jax,4.42
5ioy,5.22
4y0a,2.31
1ppl,8.55
3ds3,5.22
4aom,7.07
5g1z,5.32
3h21,4.7
1pmn,8.15
5nw0,6.52
4m2v,7.44
5ofi,4.2
5lud,3.61
6i0r,4.35
2qwf,5.67
5iis,9.0
3g90,6.36
3lpl,5.62
5y8w,6.64
2x7o,7.47
6aee,5.37
5eou,5.36
5ul1,6.64
2o3p,5.96
2rjr,1.94
5d3l,6.06
3a29,7.89
4ekg,8.77
2ooz,5.15
4i47,6.92
3moe,4.3
5gvm,6.73
3ao5,2.23
2mow,5.96
5ivy,6.44
6bbu,7.54
4bch,7.66
4ga3,7.52
4fnn,7.57
4bw3,6.3
3ia6,8.52
6h9x,9.74
4qyy,7.3
5ek0,7.68
3sz9,5.27
2e95,7.1
2pvw,9.52
5clm,7.36
5y0f,6.68
2bpv,7.67
4ks5,6.89
1ik4,7.41
5alg,7.52
1ryf,8.8
3lp4,4.88
5wa4,5.89
5tdi,9.74
3zha,6.0
3s68,8.66
3o4l,5.09
6gx3,3.6
1wqv,6.89
4xjt,5.14
2yde,3.72
6df7,8.0
2p83,7.96
5hrv,5.29
5sxk,4.7
1iew,4.59
5dyo,10.21
1aq1,8.15
6gcx,9.22
6g37,7.37
5ieg,5.74
4mk1,4.8
3mt8,4.55
3snl,9.15
6hdn,4.3
6c28,4.17
5eqe,3.88
4l0l,7.27
5kyj,7.89
5myn,4.52
6jad,4.32
2a4m,4.52
4iif,5.18
3sh0,5.66
3td4,5.66
2qnn,7.15
3axm,5.07
6biz,6.57
1j15,3.84
5ajc,4.24
4m3e,6.25
6pgp,7.0
4jxw,4.72
3v2p,6.36
1hv5,8.3
1r78,8.52
3mj2,7.82
2wxp,8.52
5vt1,4.3
6bil,6.24
4hys,7.26
4cl9,7.3
5khd,5.6
3bym,8.22
5i13,5.08
2yjx,5.12
3gfe,8.49
1nj1,7.6
3abt,4.77
6fzf,6.82
1nfu,7.74
1v1m,3.94
5le1,4.97
5wfz,8.0
1qan,4.48
2psv,7.24
4cd4,6.58
2v6n,5.86
3pe1,9.65
4z16,8.32
3dvp,5.0
3k22,7.9
6mjw,7.99
3rbu,9.43
5u5l,4.85
5mn1,2.48
6p8a,3.59
5nap,7.95
5izk,6.72
5edd,5.24
3tt4,8.28
4o2p,6.7
1iht,8.46
5tb6,5.82
3ws9,7.04
1zhl,5.0
4lv1,7.4
5u0w,4.24
2oz6,5.26
1qk4,4.21
4n3r,6.82
5ii1,5.48
6g29,4.33
5lt9,4.19
3vhk,4.6
4few,5.21
6chm,3.7
6f92,6.4
4xtw,9.03
1j4q,6.44
5dp5,4.73
5hu0,6.23
1gvx,7.22
4hxq,7.22
3mks,5.72
4k9h,7.12
3hs8,5.3
1fao,7.37
5cu2,4.24
6qyl,6.08
1zp5,2.92
6c7g,7.74
5c4k,4.56
3bbb,7.0
1pbk,9.05
2zgm,1.79
5h5f,4.43
5fl5,8.19
5xfj,8.22
2jiw,4.59
5ele,1.52
3pvw,7.27
6jof,4.98
5o1b,4.7
3l13,7.82
4d8i,6.69
3rdv,4.91
1t13,7.38
4y24,6.66
4tlr,8.52
5zmq,4.74
5nut,7.92
5q14,7.68
3pz2,6.14
4prg,7.15
5vpm,8.8
1xr9,7.15
6d5w,4.2
3sgx,5.49
3h9o,7.15
3wp0,4.99
4u73,5.18
5ei2,7.34
5mwg,5.77
4pg9,7.8
5mwj,7.61
3su4,6.26
3zim,8.17
3c8a,6.18
5mgx,5.59
1pcg,7.6
3e8r,9.74
5vp0,9.21
1cea,4.96
5kqx,8.44
1jwu,5.34
4qms,5.13
3zze,8.89
3oxz,8.07
6g8p,4.21
1bl7,7.72
3c89,6.07
4bde,4.8
6imi,4.58
4cst,8.89
4rce,8.7
5std,10.49
6cc9,3.15
2x2i,8.7
5wbr,4.77
4jit,6.64
3q5h,6.25
2pmk,5.92
4ish,8.72
1nlj,9.8
5trh,5.08
5th7,5.16
3cfn,5.0
5yea,8.3
4pvt,6.52
6dh2,10.89
4mw1,7.72
6ciy,6.7
1mxo,9.0
2i0y,7.62
5l44,4.4
4qdk,5.85
2vc9,8.44
5k0i,8.7
3hyg,7.03
6cd8,4.71
3v7s,7.05
5mpn,7.07
2bb7,5.67
1ecv,4.85
5du6,5.02
5lrj,8.72
3hp9,4.59
5qat,3.85
6oko,6.74
3smq,5.02
4hlm,6.77
1g9t,3.28
1lzq,8.39
1h3c,6.51
6r1k,5.05
3eyg,8.8
4zsg,5.0
4yve,7.0
4ap0,8.0
4yay,8.54
6ooy,4.66
1g53,9.04
4wn1,8.29
1gpy,4.7
4cwp,6.77
6u5y,7.16
6c9p,5.64
3rf4,6.25
1f3j,5.22
4glr,9.46
3bkl,6.17
5ezh,4.62
2q92,5.96
4e67,6.48
5ko1,6.64
2jnw,6.11
4bis,5.85
5o4t,3.4
5t2i,8.7
1o5c,5.22
2igv,2.23
5i5x,6.7
4eh6,2.46
6g9h,8.4
5t8q,4.16
5owc,7.59
6ovz,3.85
4jx7,6.91
3nw5,5.08
5mrd,4.44
1iih,2.89
1o44,8.52
2w7y,6.08
3ipa,6.22
4zx0,8.0
6pgb,4.6
5j18,9.15
5dkr,5.22
3fj7,3.71
2clk,3.79
5i3a,5.05
4qw0,5.14
3oe0,8.6
4acf,5.8
1zaj,5.1
6pfj,6.41
2hf8,5.47
2o7e,6.22
2fkf,2.92
5nk4,8.7
5fh6,5.92
2qiq,4.1
2i5j,6.3
3fat,7.64
3bxh,4.03
3o75,6.68
4pkv,5.25
3qtw,6.19
3p5k,7.12
5lsc,4.7
4m0r,5.21
5qa5,3.52
4edu,3.99
5k8v,6.34
4oc5,7.07
3ucj,6.0
6mj7,2.82
5wzu,7.0
2bfr,5.25
4yk5,7.64
3pb9,6.58
4c68,6.17
3fup,7.66
5a5o,3.0
4usi,4.41
5tq1,5.49
6hgv,5.55
2b8l,7.82
6q3q,4.45
4i7m,4.14
2b1z,7.1
4zfi,6.3
3i5n,7.85
4r3w,3.0
5fi6,7.52
3djv,4.55
3tjh,5.41
3drr,9.4
3pdh,6.74
3voz,6.85
4qyg,8.39
5elz,6.34
1uu7,4.85
5hfj,4.39
2vmc,2.94
6h0b,4.15
1tsv,4.8
1ypj,7.02
4l7d,6.12
1atl,6.28
4xbb,5.0
1exv,7.35
2ieo,8.49
4pft,8.64
4dij,7.52
4os2,6.7
4ly9,8.15
1il5,2.66
6ql1,6.48
2rr4,4.78
5f4n,8.66
3eg6,5.77
1wax,4.07
1nox,7.05
1tsm,6.0
1i9l,8.48
3fhr,6.68
2r6n,9.0
4qmo,7.72
5zwf,8.74
1sld,6.57
3p9h,5.06
3avz,7.19
4e1m,7.26
1yvh,7.37
3s56,9.62
4rrv,7.4
5vtb,6.96
3t03,6.8
5dts,3.55
1utt,4.0
6fhq,2.47
3hzm,5.52
4bhf,3.46
6n0m,5.82
2gek,7.52
3c7p,10.0
4btb,5.01
2ay6,3.11
6en6,7.94
2l7u,3.98
2jf4,8.15
5lav,6.09
5jjm,7.51
2y4m,6.46
5olb,7.89
2xgm,3.0
3fck,4.0
1ndj,12.16
3nb5,7.74
4h4b,2.7
1ao0,4.96
5k00,8.15
3h06,3.53
4kiu,3.85
4zx6,5.27
4yoz,6.8
2wuf,4.29
4j45,5.77
1oiq,5.54
5tuy,6.35
5o7i,6.09
4abe,3.4
4pl5,4.96
4np2,2.26
4fm7,7.24
3kej,7.12
5u7m,6.74
3vc4,7.62
6hrp,9.0
3ozp,6.62
5wbf,3.81
5afl,3.4
3wtm,7.0
4a9i,4.9
2iws,6.36
2jfz,5.24
4krs,6.52
5ljt,8.92
6dvl,7.96
4cwr,8.3
2wm0,4.52
2y1o,5.09
1nu1,7.19
4nbn,4.36
3kwf,8.17
2h6b,5.39
4lxk,8.4
3u93,6.31
1ec0,8.49
2vvv,8.22
1ekb,6.0
3ikd,6.75
4mcc,6.25
6huq,7.14
5j1w,6.72
6hkz,9.89
1g7p,7.05
1bl4,8.74
4asj,7.55
3mag,4.07
2f9v,7.82
5zni,4.39
4i1r,4.65
4wz4,6.44
5ul5,6.97
3oy0,8.0
4qtn,6.85
4rll,5.02
3tct,8.52
6kdz,8.54
6cqz,9.64
2z7g,8.95
3c52,7.3
1xh4,7.47
5njz,7.8
4elb,8.3
3qw6,3.52
3qg6,9.14
4i80,7.62
6i77,4.96
3rti,7.37
1laf,7.85
3tyv,8.1
1ow4,5.68
3n1c,5.22
2xba,7.63
2zmm,7.6
3kqs,5.2
4bw4,6.2
3ch9,3.3
5m28,4.32
3ipe,6.82
6eij,5.77
5q0m,8.1
6i8l,6.41
2mip,8.46
4tw8,5.58
5tzf,5.8
2aqb,3.3
5wlo,10.82
5nhz,5.33
3k0k,5.43
4e3m,9.7
3way,7.66
3zpu,8.38
1clu,8.27
3ioe,3.27
3uhm,8.44
4qfp,4.23
4elf,8.03
5q18,7.17
2web,5.12
6pvu,5.21
6gu7,5.81
4n9c,3.9
1i91,8.94
2bo4,4.61
5zg1,7.72
3s8l,5.64
5nkk,5.0
4zy5,7.59
6oiq,6.57
6nrg,7.25
5ork,3.63
5oq8,5.85
5eci,3.8
184l,4.72
5l3a,4.89
2y8o,5.12
5aqf,3.78
3c84,7.85
5acx,5.05
2yit,9.54
6p8x,5.56
6fcj,7.15
5xgh,5.99
2o5k,7.82
3ljj,6.52
5qtu,8.39
5hki,2.8
4u6w,4.21
3chc,4.09
5edr,7.46
5jer,3.7
4o61,4.3
1joc,4.62
4dpt,7.3
3fv8,6.8
1w25,6.3
3uvx,4.34
4gw1,6.37
6axj,5.0
4q7p,4.32
5drs,8.96
4flj,5.13
4jal,4.6
3k7f,7.7
3zhf,3.92
3i7b,7.18
4foc,8.52
3a2o,9.08
3nzk,9.27
4r1v,9.0
5cs5,1.58
5ttg,7.34
1h36,7.74
4xg3,7.76
4d1j,6.31
4inr,5.59
4p4f,6.77
2w3i,10.0
2qpq,6.37
4dho,3.93
3ral,7.0
6anl,8.27
4gdy,7.08
6q9y,5.43
1v2n,5.9
3aya,4.33
3cd5,7.9
4ql8,9.15
5j5r,6.89
4m3f,5.31
3ok9,11.23
6ql3,7.0
5zdp,7.18
2wd3,7.07
1sqt,6.2
5kad,4.43
1amk,4.3
3oaw,8.15
4exs,4.41
1pw6,5.22
4der,6.31
4ikr,6.23
4hze,6.29
4gj2,8.6
5cuq,5.92
4hzz,8.08
1szd,4.54
1kcs,7.0
2pou,7.42
3tb6,5.08
4zbf,7.13
6c42,8.21
3rvi,7.96
3r93,6.51
4jls,5.66
6nv7,7.92
5hh5,6.3
3iw6,5.48
5wtt,6.6
6g6t,7.7
6oir,7.77
4ouj,2.86
3f7g,7.37
5zh5,5.33
3qrk,7.24
4rlp,8.14
3exe,6.96
3zln,8.47
4ovz,6.31
1u2r,5.41
4hrc,8.92
3ual,5.81
5wbk,6.03
4rhx,5.8
3ft8,7.52
5mwd,5.72
3wt7,8.75
1kav,5.82
3o9p,6.52
3u2q,8.22
5euk,4.3
6pi5,6.96
4oyp,3.0
3h0a,7.48
4odp,4.77
6qw8,6.4
6d4t,6.92
6h78,7.33
4xy2,8.1
3gf2,1.7
6aox,4.82
4ii9,6.03
6cve,6.8
4umn,7.2
5vh0,4.52
2vzr,4.28
4g8l,8.0
6mtv,5.11
6hv4,6.23
5nar,6.3
5afj,4.38
5yto,4.48
3n35,3.37
3d1g,5.0
5mlj,8.85
5ty8,5.46
6fdu,3.69
5ofw,2.8
6fni,8.22
4jnc,8.52
1oyn,6.26
4w97,7.1
6e7s,7.18
2oc0,7.82
5lxc,7.97
6mnf,5.89
1hvh,7.96
4w4s,5.02
4edy,5.83
5wzs,6.55
5fb7,7.89
5gow,4.45
5bui,7.05
1bjr,7.68
2h5i,8.89
3wd1,7.66
4y94,6.62
6mu1,8.1
5uac,8.3
5jfr,8.3
2z5o,6.0
4bcw,4.0
5x74,8.64
6cco,7.29
5lm6,5.11
4jyv,7.77
2ay2,1.88
3zyh,4.29
5vdk,7.57
3k83,7.66
2e93,6.96
4mk7,6.36
2br6,2.96
4k0o,3.0
5tnt,8.31
3rz8,8.17
3zot,5.95
1v2q,4.13
4imq,5.82
3hmv,7.3
4fgt,5.41
3t3h,5.71
3dxm,6.0
3pp1,8.49
5lp6,4.76
3ql9,6.3
3ump,2.99
4rx7,8.3
2vts,7.52
5c7b,3.0
5o1d,4.66
2x2l,5.28
6j0o,4.92
6ht1,7.11
3ant,8.07
4mgb,5.44
6bw4,5.5
4l0v,6.63
2qg2,5.4
6min,3.91
1li6,3.8
6m8d,5.14
1jje,8.43
5w7u,8.05
1no6,4.41
3ujd,4.69
1b3g,6.7
2clf,3.55
4rlu,4.82
3uvm,7.52
5yij,3.42
3gt9,3.96
4jzi,7.4
1d3v,6.96
4n1b,5.96
5j7p,7.28
6peu,5.89
3uef,4.68
2f6j,5.57
6q7h,7.68
6g9s,8.0
2ihj,4.59
4u0c,4.31
1b4d,4.81
5ose,3.17
6eqp,5.96
3okc,4.44
5dxg,5.92
4ewn,6.7
3kmc,6.4
1kmy,5.1
6g1u,5.61
6pvs,8.17
3vw0,4.67
4ufg,8.15
2qn3,5.36
3zm6,6.52
2x2r,7.12
4oya,6.44
2avm,5.7
3iok,7.96
3eu5,7.49
1b55,7.4
3o96,7.24
6bed,4.72
5h4j,6.89
5ia5,7.6
1etz,7.24
5jt2,7.47
3d51,4.15
6ma1,8.1
5e0l,6.4
1k6t,7.62
4yje,4.84
6eds,8.77
4uau,5.89
5ha1,7.19
3zdh,7.35
4nxr,4.34
5x02,9.85
3n2p,7.82
5gnk,8.28
3cpc,5.3
1uvr,6.0
5hex,8.0
5dva,3.55
2w05,9.0
4yhm,9.76
4fev,5.42
3av9,3.36
4awi,6.0
4ngm,10.35
4jkw,4.16
4dei,9.0
6hsh,7.55
4kc4,3.23
1vj6,5.1
4qr3,5.85
5xpm,7.64
2bcd,10.22
1oe8,5.52
6hp0,4.92
1i5d,8.0
3atw,7.01
2ity,7.27
3bmy,7.52
1n7j,6.43
3b8h,4.2
5dri,7.7
3d50,4.77
3m3o,3.6
1w2k,6.46
5lma,6.6
4r59,7.96
4mcb,5.82
5wh5,7.19
3h0s,6.2
3s3v,6.23
1qxw,5.15
5lpr,6.57
4wmy,7.07
3dei,7.4
1o45,9.6
5u62,5.89
4uc5,5.48
3hnb,5.11
5boy,5.6
4mzs,7.92
4ciz,7.29
6c7r,9.0
5gmp,9.1
4bnu,7.7
5lxb,9.77
5fjw,5.4
4agc,10.7
2xpa,5.39
4fck,1.26
1g4j,8.7
3nf6,3.53
2yke,5.96
5ut0,5.88
5jy3,7.92
4d8s,6.49
6csq,6.39
1r5v,4.48
5zbz,4.95
5ofx,3.96
4zh2,5.0
4wku,5.68
1f92,6.19
6fiv,8.08
6c2r,9.1
4cfx,5.06
3fed,7.46
6cn6,8.3
5vew,5.15
5thn,4.02
2cia,6.43
2q64,8.52
4nxq,4.74
4e4a,2.05
5lgt,6.51
1pu8,3.1
3cx9,4.89
4j5p,7.92
2dwx,3.74
4b7r,9.64
6efk,6.8
3o5n,4.76
1u9x,8.15
5nn6,5.52
6b4h,8.52
5q1g,3.58
5dya,3.7
5ggp,3.3
2xct,4.51
3zsy,3.23
1aku,6.13
6q8b,7.53
3g2j,4.75
6c5f,4.48
1mxu,5.4
1s63,9.05
4y8d,8.05
6qmd,3.77
5ubt,8.62
4pp3,7.82
5akg,4.46
4b2l,3.24
5nzq,2.03
2jdo,6.64
4xty,9.21
6eis,6.6
2xkf,6.06
6uwp,7.55
4mw9,7.02
2w1f,8.23
6hvs,5.23
3ti1,3.89
4yat,5.03
1oxn,5.68
3o6t,5.22
6fh3,3.07
4cjr,3.1
6p87,4.6
5xw6,4.91
3ro0,4.5
3ddp,7.14
1iyl,9.0
6mqe,11.29
4y2q,2.92
4otg,7.59
4ko8,7.15
5ly2,7.92
4cbt,7.3
2ykc,6.11
1tcx,6.95
5btv,3.85
3gp0,7.44
5v3o,7.22
3k3a,7.08
2xde,5.47
3i60,8.7
2oz7,7.85
3nuu,3.77
4bt9,3.84
5ei6,7.0
3l54,8.15
3uqg,5.0
2r0z,5.47
3hfj,4.44
6eqa,4.85
2opb,8.74
1ke3,6.7
6o0h,8.15
4ux4,7.01
4p0x,5.92
1a5v,3.1
6i1r,5.84
6hhp,7.49
3u4h,4.25
4rn4,6.94
5v4b,6.0
1p6d,2.94
6aec,6.15
6gxa,4.22
2xml,3.3
5cao,7.42
1fw0,5.43
6eq1,4.61
5z1s,6.16
6fu1,5.36
4fe9,3.0
4tvj,7.91
2alv,4.15
3vqh,5.92
2ay9,2.16
2d06,4.08
6hgx,7.11
2h5j,7.91
5ap1,7.97
4mwx,7.12
6kla,7.25
2mlm,5.21
1nc6,8.0
4ufy,8.15
2bub,7.05
4drn,5.24
5ar5,6.3
3nyn,6.0
4qt2,6.32
4uv9,6.01
2jds,8.2
6ee2,6.71
2gbf,7.92
5eol,9.52
6rj5,6.52
4k7n,3.48
2vvt,5.24
6pno,5.32
3o8h,6.24
5nu5,6.33
3d27,4.25
6n0j,5.37
3jyj,5.74
4ps8,9.0
2hmb,5.59
6p11,6.05
2v83,4.47
4g69,5.98
5m56,7.89
3kjf,4.87
5v3r,5.3
2pj8,7.74
2w6q,4.6
5go2,3.22
4y87,7.24
1uti,5.62
2v2h,3.77
4tyt,7.7
3r6t,5.86
4clz,4.37
4i5c,8.82
5mgf,4.27
2w92,4.55
6qfh,5.86
4hyh,9.0
4w4y,6.46
2xab,9.27
5knr,5.85
5eel,6.08
6fo8,7.74
6gue,8.4
6fhu,2.64
6qho,6.2
4bck,8.4
4u70,5.02
6e3s,6.78
2brg,5.21
3bel,7.85
2gg5,6.6
6hzp,1.98
5fsb,2.22
5em9,5.57
1hvs,10.3
3i6c,4.92
4k1e,8.44
2r9x,4.85
4prp,5.66
4x6y,7.72
3jy0,8.3
4oc6,7.07
5fky,8.33
3qch,5.48
3eou,7.01
5svy,6.13
3fu3,2.84
6iez,6.52
1kwq,9.21
3mz6,7.2
4a6b,8.38
5igq,6.6
3l38,7.0
5hk9,6.54
3ldp,5.62
4fm8,5.97
2qi7,10.21
3tki,10.3
3hku,8.3
4u2y,3.99
6fnf,7.89
1u3s,8.85
3dkg,5.0
4fmn,6.1
2vte,3.91
6eip,5.7
6pvw,6.32
5i88,6.6
3lcd,7.4
3bl1,5.6
6ouv,5.55
5f1l,7.68
4bnv,7.52
3gws,10.09
1gjd,5.22
4bgx,1.77
4a4w,7.72
4gfn,8.3
5op8,4.18
1w10,7.55
4tn2,6.92
3znr,7.44
2n9e,5.05
4de5,3.15
3vbq,9.33
4cpz,7.68
6f3f,4.52
6dyr,3.66
3b50,7.55
1vcu,3.85
1bhf,4.38
5gmn,4.73
5j3l,4.8
5xhr,5.1
3t8w,7.54
5ih2,5.76
6cq1,3.66
6ipl,3.82
3sug,6.21
3c49,7.15
2pym,6.82
3f37,2.62
2fxv,5.35
3snc,4.39
4a23,5.89
4w52,3.76
6j8r,6.12
4uxj,5.42
3zvy,5.1
3zlk,5.88
3bwj,6.5
1y4z,7.24
5v2p,8.29
6h4p,6.99
4qy3,6.82
6g2l,7.17
3nlb,7.46
3nus,3.51
1bsk,4.12
2r3t,5.85
4zga,7.7
3o9l,9.66
5h14,5.06
6e9l,6.04
2aeb,8.3
4f0c,6.27
2o8h,7.6
5t6j,4.93
5q0x,7.35
3q2a,5.3
6b2p,8.89
5cyi,5.88
4xuc,5.96
1l8g,6.22
3f16,8.23
2irz,7.92
3ml4,5.33
4ury,2.22
4nh7,8.4
1bai,7.7
6br3,8.72
5ty9,5.21
2wji,5.02
2h5a,5.1
6p89,5.01
5nhl,9.52
4eh3,3.53
3uil,6.0
5ab9,6.33
5aae,7.46
1meu,6.1
3poa,7.0
3dc3,8.31
6ox0,4.85
4yo6,5.66
4hbn,6.1
4y85,7.89
2wkt,4.31
6awp,7.16
5e7r,7.6
3dgo,6.74
6g3c,6.91
3ryw,6.24
2nnq,8.7
3fhe,8.6
3e3u,7.89
5duf,5.74
2pvv,3.36
1erq,7.89
6qef,7.22
6oxu,10.02
3wzj,8.18
3wto,6.92
4awm,5.72
1wok,7.48
2jkk,8.2
6fh6,3.0
4qxj,5.9
2hwh,5.7
4ck3,3.57
2hiz,6.95
6t1n,5.46
2azc,6.74
3wf5,7.09
5ewy,4.3
3ifo,7.26
3os3,6.63
1xn0,6.24
4u0x,6.23
3tay,3.38
6jt3,8.3
6huc,7.59
4i5h,8.7
1mik,6.35
2h4k,5.49
2rqu,4.63
4y7r,5.03
5tbp,5.18
5lrk,8.82
2frd,4.54
4mdq,5.92
4l0b,7.17
4p44,7.8
2jbk,6.4
3h22,5.1
3drp,9.7
3cpj,4.72
2kaw,4.97
4b3d,2.68
5llm,5.35
3ava,4.4
3qvu,3.55
3ejt,7.36
3liw,7.6
6rpg,8.52
6s43,5.4
5can,6.91
5e2l,4.03
4i67,6.35
5g2g,6.05
3ow3,6.13
3sad,5.96
1r1i,8.54
2y2i,4.59
2g24,5.4
2uz6,8.77
3kcf,7.46
1wbv,3.79
4yyi,4.19
5eif,2.55
3my5,4.19
5yjb,7.54
6akw,7.22
4bo0,6.7
6eq8,8.0
6ft4,6.63
4av0,6.98
6d55,7.36
4mb9,8.0
2lkk,6.7
1els,10.82
1yz3,8.81
2b1r,1.0
1h1p,4.92
1yys,6.33
5bw4,4.17
5u2e,6.56
1tve,5.68
5xo2,4.03
6fe1,8.48
1h26,5.54
4jzd,8.3
4f1q,4.95
4rfc,8.24
5ehg,3.43
5lla,7.72
5tg6,4.55
3ppj,8.7
3wb5,4.57
2w10,6.77
5j7w,4.89
5tvn,9.04
2xht,5.96
4p7m,7.41
6evr,8.06
6ffn,8.22
3qaq,7.0
4tkg,6.85
4dbn,8.15
5aoj,4.68
5lce,8.04
5lj0,8.0
6ode,8.1
3sn8,5.65
1r9l,5.4
6p85,4.99
5iv4,5.48
2pj2,7.92
6ge7,6.06
6pka,5.92
3rwg,8.55
4ibb,3.57
3abu,5.62
4ruu,7.54
3m3x,6.82
6q30,5.52
2x24,6.48
3miy,7.68
3vqs,7.75
5mt4,3.3
3ma3,7.22
2j4q,4.46
2fm2,8.15
4pks,4.82
3og7,7.51
3dog,7.4
1ggn,5.51
1z71,9.18
5ekh,5.95
1fta,6.36
3qip,6.89
4dds,5.01
1tka,6.1
2jdv,8.2
3ejq,8.57
6apw,6.17
3iaw,5.8
4nat,6.48
5zc5,7.06
5mny,1.31
5mim,7.34
5nr7,6.02
5d9l,7.62
5fa7,8.4
3k2f,7.2
3tyq,8.3
3f3w,7.47
1lt6,3.3
4u5l,2.4
3b9g,4.72
2qzr,7.26
5ehp,4.92
5wii,4.49
1q63,5.85
5tw3,8.7
5xp7,4.42
1vyw,7.43
5n70,8.52
1ocq,5.19
5mts,7.15
3f3u,4.74
5inh,6.0
6eol,7.43
4ue1,8.0
2uwl,8.4
4j26,5.44
2qcn,5.0
4inu,9.26
6n77,9.24
1d1p,3.6
4zhm,8.05
2qu3,6.23
2fgv,6.12
5qap,4.0
1jev,6.89
3eqr,8.7
2zdn,6.25
6bs3,5.82
1gu1,4.52
1br5,2.7
4yb6,5.32
3bz3,8.82
4pnc,5.43
3tv5,5.32
5j6s,4.0
3eeb,5.89
4r5g,5.22
6s55,6.2
6nzh,8.8
1o2r,5.21
4r3b,6.25
4lg6,6.74
4b2d,3.7
4py1,7.19
5nx9,4.6
5b0x,7.7
5aep,7.17
6ej4,6.8
4j3m,7.68
4bps,2.99
3qk0,8.7
6i62,6.8
1e03,9.4
3v4j,5.04
6pit,5.92
4bdh,4.11
5anw,8.52
2vnn,8.7
4j8s,5.7
5ly1,7.53
6eb2,6.32
4mbi,8.15
5cuu,4.37
5mte,6.78
3tn8,6.13
5ye9,6.45
4zjc,8.96
4cc6,6.64
2ql5,8.1
6hke,7.68
5dd0,7.08
3vyf,8.8
4fxp,4.09
4q2k,7.48
3nga,8.0
2xg5,4.66
2wfj,7.15
3zqi,7.19
5vo2,6.81
1dva,8.07
3eov,7.2
2xfi,7.82
2q89,6.3
3b92,8.0
5orz,3.36
6ccs,3.64
6kdi,6.72
3vws,3.65
3zmh,5.28
4unq,6.62
4bg1,6.31
5f0f,6.0
4y6r,5.48
5fl1,8.49
1tuf,4.05
4ny3,4.31
3v4v,7.38
1a4g,8.4
5e88,7.19
2xg9,4.15
4i9h,7.17
2qm7,5.89
6mj4,7.72
6hgr,3.46
4yzc,8.52
3ifp,7.61
3f6g,4.72
5aib,3.8
3kwb,7.77
2vw1,3.52
4qls,7.44
2cma,6.73
6a8n,7.82
3at1,3.18
5a6k,5.95
4uit,6.7
3ck7,4.05
1z6d,2.34
3fuf,2.7
6iam,6.85
4uro,8.4
4wk7,7.13
3w32,7.12
4y4v,3.65
3wkc,3.71
4nue,6.82
3u7l,7.28
2aoj,4.66
5wi0,3.44
4jnm,8.52
3dnt,4.74
5bwc,7.21
2o9v,3.54
6njz,5.01
6gj8,5.87
3mg0,9.25
3s0e,6.55
4ucu,3.35
5u8c,7.53
4ufk,3.89
2cm7,6.68
3d7z,7.92
4dhq,4.49
6mhb,6.77
4oon,7.52
1w7h,3.0
5etm,5.41
3sut,7.85
5o22,8.0
5nka,5.46
4li8,8.12
6npv,6.8
2a0c,7.3
4phw,10.0
4nru,6.94
4ogn,10.0
5v5e,5.52
5zjz,7.37
5yfz,6.96
2jqi,5.0
3dpe,7.24
5uzk,6.74
5upz,9.2
6hh3,6.24
1qfs,9.48
2c94,6.82
4y2j,3.1
6gvh,6.04
5hkb,5.59
3hav,3.77
1qvu,4.46
5l8n,4.51
3nw7,8.28
6g8j,4.76
3avb,4.07
1h01,4.66
2qhm,6.18
6qg7,6.83
5ung,9.47
5eqy,8.0
2k4i,3.84
1jlq,8.15
5opb,7.62
3t09,3.8
5he0,6.82
4ikt,6.17
5alc,8.13
5otr,4.92
6fmj,6.12
3m1k,5.39
5drt,5.36
6fnt,4.68
2c8x,6.66
5n8b,7.37
4u0g,5.29
1mem,7.94
1o34,5.74
5dw2,5.84
2r59,8.19
5j4n,4.25
3ntp,4.92
1pl0,8.22
3mvj,5.49
3pvu,6.54
2vtr,5.82
2g97,6.82
6bq0,7.34
6hvw,5.55
2uw6,6.55
5l2i,7.4
4i0r,7.85
5c6v,4.8
3qs4,4.68
2xo8,4.33
5obr,5.36
4m7y,5.32
2wzf,7.0
5fbn,9.57
4er1,6.62
6iiw,5.66
6e91,6.62
6c0r,7.51
4zt3,8.0
2zgx,6.74
4k9y,6.95
5trs,8.0
5bvo,8.3
2i7c,5.07
3q2j,4.18
4jbl,3.27
2clx,4.88
5n93,8.66
4an3,9.22
3lvp,8.7
4lww,7.54
3hyf,5.92
1k06,5.34
1ukh,6.38
4ok5,4.51
4x34,6.12
5he3,6.55
4oc1,6.6
6bmv,4.68
1yvx,5.1
4cku,6.82
1af2,3.1
6c8p,6.7
6o9b,6.4
5w99,4.68
6nzp,9.7
3fci,5.89
5tya,4.48
3hu2,7.22
5f3i,7.1
2r6f,8.0
5ito,4.16
2y59,6.44
3qmk,6.1
2jiu,7.56
1qr3,6.59
5w9g,6.82
6aqs,7.55
3bze,6.0
5l7h,7.3
5klp,4.64
1h8y,7.7
3f34,3.16
2lbv,7.59
1o5f,6.07
2xd9,6.46
5nwi,6.16
3fvk,8.82
4xv9,6.72
5z7b,4.89
2ksb,3.12
3ll8,6.4
5epk,5.74
4k5l,4.96
5mhp,7.82
3dnd,4.8
4y73,9.52
6hdo,6.6
4uof,4.84
4tnw,3.78
3g2w,5.66
1c2t,6.59
3pj3,5.25
3vw2,4.75
6c9n,4.78
5efj,6.46
1jd5,6.62
2o4r,9.4
4gu6,7.36
1b5h,6.01
4ujb,8.0
2bgd,5.0
4ocp,6.1
4mfe,2.27
5n1r,7.95
1nok,3.15
2qk8,7.91
3vp3,4.95
4da5,6.44
5v79,6.41
5q1c,8.08
4fak,4.28
2p2h,7.17
1g2o,10.55
1ivp,7.52
3sue,9.08
2avv,9.26
2qmg,9.15
5l2s,7.08
4odk,3.8
6k3l,7.22
5fto,8.21
3fmz,8.08
2oag,8.47
3chq,7.7
4mjp,3.88
2vti,6.18
6o68,4.99
3ind,5.82
5fnf,3.15
6od6,8.21
5qb0,3.8
4o6w,8.52
2vd4,4.74
1pum,3.05
4lys,4.34
3acl,6.22
1qwu,3.22
5v3x,6.59
3dm6,7.43
5d7x,4.82
1w7g,5.1
3pcu,5.29
1qb1,6.77
6fh7,3.0
6q9s,7.77
3fud,2.7
5il1,5.82
3eyu,7.62
4k72,3.0
6dya,6.17
3q3t,7.43
4ban,8.61
6fug,4.3
3l59,3.7
2e99,6.16
1d8e,6.6
4z2h,5.08
3vje,8.01
3t84,6.97
4aa7,5.7
2i0j,8.57
6g7a,6.78
5o1c,3.95
4ptg,8.23
3tao,5.14
2or9,6.3
2rfy,5.22
3opp,6.28
2q9y,4.44
2x7u,5.27
4oys,8.82
3ttm,8.52
4ngs,8.12
3iaf,2.92
3bxg,4.96
4qmn,8.52
3mkf,4.77
6cdc,5.6
5n69,6.54
2wa3,3.0
5ll4,8.4
4axm,7.89
2r3j,8.0
2oz2,5.71
4e5j,4.73
1t79,6.04
4wop,4.76
3ftq,5.33
2jaj,4.6
4dr9,8.0
4bcg,8.15
1gbt,2.0
5d6q,5.24
6qyp,7.15
5j7q,4.58
5kpm,7.82
2vwc,6.62
3iw4,8.68
2xg3,4.74
1dbk,8.1
3w1f,8.44
5abw,7.77
1q66,5.77
6nwl,7.37
4wf4,3.11
2vtj,5.72
5ncz,9.1
5znr,4.67
5uis,6.84
4qz7,5.65
1xbo,6.04
5ieo,7.0
5f88,4.3
1lhv,8.91
2ntf,6.52
2wq5,3.74
6ce2,6.3
4acm,6.68
2x4s,4.2
5wag,5.21
3kxz,7.46
6d1j,4.25
1gnj,7.04
5j0d,6.87
6q4e,3.46
2o4l,9.22
5wdj,6.96
6cen,5.49
5w0q,8.0
6g27,3.14
6b4d,6.11
3gxl,7.6
4p4b,7.85
1yvf,7.0
5d3j,5.24
2mc1,4.15
2i4p,5.7
4jr5,8.15
6oot,11.3
3gy7,4.52
2z50,4.95
1y2d,5.7
2ewb,6.1
3c1x,7.35
6q7a,8.3
5gjg,6.21
4iwz,7.29
4qwk,6.27
2xuz,7.4
5wyx,6.66
2m0u,6.44
6s4t,7.95
5swg,4.48
3qs5,4.71
4pv7,6.63
3mvm,8.41
4zei,5.88
4daw,7.08
4azf,6.35
2y36,6.42
1rej,8.3
4kn7,7.62
2rin,4.0
3p78,6.96
1pyw,7.7
5tq8,7.64
1q5k,7.42
1mjj,8.74
1c88,5.29
1fsg,5.02
2aof,4.55
4b8p,6.85
5eg4,7.68
3vfj,7.04
3o1e,5.74
3zcl,8.0
4joa,7.54
5tkt,8.49
1ftk,4.84
6hmb,6.56
4xiq,7.07
2vvu,8.1
4tq3,5.49
3fw4,9.4
4b78,5.0
2qt5,5.03
1ol1,4.68
5aoi,3.03
3gbq,5.46
4p45,7.8
1g36,7.17
2ria,2.57
4m5j,4.84
3p0g,10.08
6fe5,9.3
1ft7,5.18
4dhs,4.8
6jid,5.08
5o91,6.46
4dce,6.76
2z60,8.05
4mvw,7.55
4o13,7.82
6d6u,8.21
3u81,4.44
3soq,4.57
1c1v,7.64
1a85,4.52
5eue,6.77
3l4z,6.72
5w2p,6.88
6dat,5.05
4fyh,4.85
3nzw,5.82
2ggx,3.49
1p2g,2.13
4o3a,2.59
2qhc,8.96
4b5d,7.89
4hdf,8.49
4x1q,5.3
5ngz,2.89
3cd0,7.57
4rlk,5.02
4mre,2.19
5a83,6.8
4yc8,7.85
4ibk,4.3
3d67,4.96
5d24,5.24
3qd4,8.2
2nq6,5.82
1r10,3.83
4o10,7.11
3hrf,4.99
6ny4,8.52
6pys,7.15
1m2x,4.15
4wm9,6.92
3qw7,5.74
3uw9,4.56
4i5m,8.06
4ezy,5.65
6k4r,5.84
4l2g,6.68
3wde,6.91
1kl3,5.86
6ayh,5.57
6qr2,5.49
3vp1,5.48
2rl5,8.4
4hww,6.65
4mcv,8.89
6s9b,5.68
3r8z,4.31
5q0i,4.25
5qck,7.64
6h36,9.35
5t54,9.06
2wky,8.59
6ayn,5.04
4h1m,7.11
1odj,4.1
5awu,4.65
3bti,6.14
4azg,7.1
5dfp,7.66
6dpz,3.59
4op3,8.15
5uvc,8.21
5l30,9.14
3u9c,5.89
5eie,7.64
5jq5,5.63
4usj,4.0
3f36,2.89
4aph,5.4
6bgy,6.82
6ayd,6.3
6h38,8.11
2xgs,3.28
3a4o,8.89
1o2z,6.11
1oim,5.32
3hcm,3.3
5mxx,7.51
5ai1,6.47
6mi6,4.54
4os6,6.44
5fdo,6.44
3nex,6.0
3lle,4.97
2y77,6.6
6cf5,1.7
6quv,3.0
2f94,6.71
6msn,4.95
3nik,3.45
5lhh,8.17
2yix,8.48
5cks,5.51
6t1o,5.59
1ov3,6.72
5lg3,3.8
4inh,6.25
2jdp,6.6
6lpr,7.3
4y67,6.93
3m6q,7.32
4uix,7.3
1p06,6.27
6aan,2.75
4k5o,3.98
5fnj,2.29
4wci,5.05
3l4t,5.42
2cex,4.7
5hn7,3.92
2qlb,5.89
3arx,5.33
2rm0,4.03
3ktr,6.15
3cid,8.3
2pjb,7.72
6jam,5.23
5fom,5.01
5w73,6.3
4q6r,6.68
3ess,6.39
1mtr,8.4
6bgg,4.02
6oxl,5.52
6ed6,7.43
2i80,5.4
5eiw,2.05
4ge2,6.05
4a1w,7.3
3ilq,5.21
6qme,4.36
3dst,9.08
2zfp,5.17
1d4p,6.3
4caf,7.12
2vnp,9.92
4eoy,6.49
6mrg,7.55
3suw,4.7
5ei8,8.1
1flm,9.37
5j19,6.6
6orr,9.3
6f5l,9.19
4w55,4.74
4p4i,7.46
2bfq,6.89
2kff,3.61
3pd4,4.48
5f1j,4.92
2hdx,6.26
3cf1,6.64
3q6s,6.74
3vry,8.11
1c85,4.64
2fv5,11.7
3db6,6.14
2r64,7.52
6moa,7.08
2hhn,7.49
3c72,4.64
1ywi,3.43
4l1u,5.26
5dxh,9.0
4g90,4.51
2vgc,5.24
4nnw,6.61
3r1v,6.92
5ueu,7.78
5yqn,4.03
5ufc,5.16
4l33,8.15
3zp9,7.82
1l6m,8.1
6hks,4.28
6ajg,5.78
4pul,6.84
5u8a,7.89
2zvj,5.74
2xp8,4.82
4ele,7.88
4uin,7.62
4o3b,6.09
5hrx,5.29
4x21,7.44
3v9b,9.3
3mqf,5.24
3cho,6.55
2o4n,7.82
3cfs,5.96
3esj,3.03
4j08,6.66
1d4j,8.36
5xzr,5.49
4ux9,5.1
1bcj,3.7
2ylc,7.89
2pj5,7.82
6eo0,6.43
4l4v,5.78
5bve,11.0
4oeg,5.05
4rsc,6.63
5dlv,4.98
4eym,4.01
1rt1,8.1
5f4r,7.02
2z3h,4.64
4hmk,6.1
6n96,5.42
3rse,7.0
4lnw,7.04
1atr,6.96
3h8b,6.29
1swg,7.36
5d4a,5.85
6pg3,3.32
3r6c,4.72
3hq5,7.8
1rgj,8.31
6i0p,4.4
4yxu,7.24
4g2w,8.8
2g1r,7.7
2wyn,5.55
5db0,7.43
4j82,4.35
1ex8,6.33
3otx,4.53
3kjd,8.54
3rqe,4.77
6qsz,7.15
3wth,6.29
3au6,7.92
1klg,7.89
4v1f,7.7
5i8b,6.96
5xbt,5.14
4zxx,8.1
4hzw,8.88
5sz0,9.1
3vf9,8.72
5csp,4.24
5n8j,5.54
1bwn,7.06
4alg,6.3
4tmp,5.43
5h13,4.94
1dg9,2.74
1bmq,7.42
5nwz,9.1
5ar8,8.1
4jpx,5.15
1y2e,6.8
4oyi,4.72
3ud9,4.67
1ets,8.22
6cvv,4.12
6e05,4.26
1y0x,8.7
6h7b,7.48
7abp,6.46
2ok1,6.26
4iut,5.72
3hv5,7.02
6fgc,5.48
5a3h,4.57
5x9p,6.89
4ckr,6.98
6nji,6.99
2q2z,8.7
3fn0,4.4
3ti5,8.95
1dxp,7.57
1z1r,9.22
1y6b,7.42
3bwk,3.94
4m6u,2.74
6an1,5.35
4dwk,6.22
5zty,10.12
1c8k,6.0
3kpu,3.16
3kc1,9.0
6p14,6.66
4idt,7.0
2wf3,7.72
4q7s,4.42
2fb8,9.8
2fwy,6.7
2qhr,7.39
3qu0,7.7
1juf,5.85
1y2h,7.25
6qr0,6.92
2qpj,6.35
6qmj,7.36
4pnq,5.0
3qt7,7.31
1m5d,5.04
4z2i,7.44
6o5x,7.66
5l4f,5.89
4u5s,2.41
6dgt,7.38
1m0b,8.82
5nxq,6.49
6ib2,8.0
1ml1,4.28
6miq,4.55
3gpj,5.11
3hp2,6.17
5c3p,4.46
3k3j,4.9
3tzm,7.77
5a4l,5.41
3kai,5.41
4os4,4.87
4qp2,3.03
3qak,8.32
6ck3,7.35
5wmg,8.21
3s00,4.92
6hk7,7.34
4at4,7.92
6afa,5.49
1uz8,4.96
4xv3,7.92
3qqk,4.82
6msa,7.08
1c5o,3.49
5h1v,4.0
4z22,6.24
2wxv,8.7
4u6e,3.3
1tmb,6.74
3ekt,10.59
5uov,10.6
5owh,5.92
4g55,4.92
3phe,7.8
5dcz,9.3
3bxe,5.48
2nmy,8.37
6a9o,5.24
5c13,6.1
3p8z,6.09
1cpi,7.41
2pj1,8.01
5ogb,7.47
6fdc,5.64
4fk7,5.24
3dz6,7.82
4b95,4.28
4djw,6.28
5zeq,8.82
3q8d,7.22
5g1a,6.57
3zy5,6.64
2bge,2.8
3wcg,6.85
3upk,4.3
4nhy,5.64
5ur1,8.97
3p7b,7.74
6g9f,6.23
2oi3,6.64
2hzi,7.15
5ayt,6.77
5hz9,7.03
5i22,7.62
3m9f,11.15
5uez,6.01
4huo,4.7
3vsw,6.89
3qt6,5.37
1v0m,5.1
5ioz,4.96
5z9e,3.48
1imx,3.52
6d4r,5.96
1mm6,7.7
1uyi,5.39
5vl2,8.42
4omc,10.78
4clp,1.27
4ezr,5.2
6f6i,3.19
4u0s,6.8
1ftl,6.0
1h60,4.7
4mny,5.71
6czi,6.25
4mt9,10.0
2vj1,5.3
4npv,7.46
1e1x,5.89
4dff,7.46
4or6,5.31
3p2h,5.44
2qn1,4.77
2xog,3.43
5twj,5.25
3oq5,4.55
4kjv,7.74
1mnc,10.34
4cft,4.95
3n3j,8.48
5e1s,7.92
5nki,7.72
4bb2,7.07
6i13,5.12
2emt,6.7
5j41,3.7
1fls,7.48
3s0d,7.05
4z8d,5.22
1xh3,5.51
1q6s,7.92
5iee,4.94
3a9i,4.15
2rcw,8.1
1oh4,3.74
4loh,6.96
1w5x,8.4
5t27,7.1
5v8o,3.77
4rme,5.92
1g85,5.48
6me5,8.78
1af6,1.82
6u8b,6.37
2i4z,5.7
6fgy,7.15
1dub,5.8
3w54,9.7
1lhd,9.62
5ku6,6.84
4hzm,4.63
5ytu,4.92
1g9r,5.7
6e7t,6.89
5y6g,7.0
6pi7,6.17
4p10,8.1
6bs4,5.55
4mqp,4.98
3uzj,5.55
5f3t,3.68
5t68,7.64
5ak3,5.07
3eks,5.7
6hy2,7.3
5l15,9.57
3efs,5.34
2oc9,7.96
3fdm,8.7
4or4,4.57
5ulp,4.61
3ayd,4.19
4pnw,5.05
3udd,7.1
2g2r,7.89
1eat,7.82
3ebb,5.3
1t7j,8.7
5yf1,3.28
6dyy,10.55
5n99,4.21
6equ,6.38
1kl5,5.99
2mpa,8.04
6h7m,7.8
5m39,4.62
2r0u,9.0
5yp6,4.6
4klb,4.16
2etr,6.82
2vgp,6.85
3o9f,12.7
4d83,7.26
5jf4,7.19
5dif,6.23
5v5d,5.27
3we4,7.82
3l9h,8.1
3d8y,3.4
6csp,8.52
3qxm,7.48
2r5b,8.6
2z7r,9.52
6fyv,7.96
5e2n,9.54
6fel,6.4
2yak,8.7
3csl,7.22
2l65,4.22
3t9t,8.71
5ai0,3.69
1nq7,6.8
3k54,9.0
6erv,5.36
2xpb,5.7
6itq,4.69
1o4h,2.44
5ei4,4.58
3n7s,7.7
3avh,3.3
3g15,7.0
5jgq,4.62
4o09,7.7
4re3,8.57
4iaw,9.63
1soj,6.62
4g11,5.0
6dud,6.59
4fl2,3.66
4pox,5.43
3m93,6.62
1nhg,7.3
1g5s,7.32
3cjf,8.2
2xu4,6.47
5u49,6.14
3svv,6.94
2j94,6.27
6cwf,7.54
3ppr,2.82
5orl,4.82
2khh,6.56
6hrt,9.0
5eva,3.7
1c12,8.72
2q96,5.92
4gwi,3.69
2x85,3.89
5etv,6.24
5txy,5.46
3str,8.4
3o6l,7.51
2in6,7.64
6n54,7.75
4bs5,8.22
3sni,7.96
5am4,6.95
3tfn,6.57
1tkt,6.15
3t3y,5.47
4xe0,7.72
3gpe,5.74
2hz0,6.48
6rn9,8.2
1c1r,7.63
5i3v,7.8
6k4t,6.02
6fi5,5.52
4mmp,7.71
5nq5,5.0
3acx,5.7
1i2s,3.31
2yln,7.68
6s9d,7.8
1h3a,6.55
4mw5,7.35
6ceh,7.44
3ms2,3.72
6hvr,6.48
6cyh,3.15
6epa,5.95
